,baseMean,log2FoldChange,lfcSE,stat,pvalue,padj
CYP2A4,7060.80651338448,-8.27090476906565,1.10432071365878,-7.48958583024571,6.909128982078361e-14,2.9337224600825e-11
APELA,22.4110038234021,-8.19449717757907,1.15556988568704,-7.09130384849639,1.3285428597643699e-12,4.68099356546765e-10
SLC1A1,376.189891129522,-7.78493827560703,0.57129443784659,-13.6268406619732,2.7732870160063396e-42,5.74070412313313e-39
GPX2,22.1766677433338,-6.96084983337318,1.25228383628461,-5.5585240595497,2.72065459774336e-08,5.36357620697977e-06
GM20658,9.86211654520368,-6.87022972199056,1.27939884561602,-5.3698889486512,7.87851419615423e-08,1.29176430780509e-05
MMP12,158.944979096771,-6.78377916208954,1.18258784058749,-5.73638501028343,9.67186620846633e-09,2.08007927808055e-06
TEKT5,67.0736145331609,-6.75798684644018,0.788790828455184,-8.56752716011599,1.0573092901657401e-17,7.29543410214364e-15
CBR3,475.836109071285,-6.65437846217709,0.394989126272016,-16.8469915234944,1.10389283797617e-63,9.140232698442661e-60
GM42375,9.03375244134947,-6.47513300055824,1.33023574197674,-4.86765826253933,1.12928388248341e-06,0.0001308183272258
RNASET2B,330.080926784112,-6.38166865697213,0.431891425059337,-14.7760948393346,2.08934230327922e-49,4.9427869346148505e-46
GPNMB,174.405665447365,-6.18915200643302,1.26558147813629,-4.89036234596863,1.00650525362398e-06,0.0001192785063843
GM13822,15.0705637494651,-6.15705777644461,1.13815498512046,-5.40968308968303,6.31363740717074e-08,1.06687587206885e-05
C1S2,204.400583182729,-6.08755769954994,1.90365194831443,-3.19783125530911,0.0013846527911294,0.0377668886079644
LY6D,72.2852212676413,-6.04316077469185,0.61702111015398,-9.79409079404716,1.19366452405683e-22,1.16276967755183e-19
GM36161,5.1645528031319,-5.91431722728582,1.4797739540048,-3.99677073061028,6.42124363894906e-05,0.0039238300612913
AI314278,12.1357837575092,-5.91015304834697,1.0881417145882,-5.43141850837291,5.59078457198387e-08,9.64410338667218e-06
GM43984,30.3114355710394,-5.90996091484229,0.831147642420467,-7.11060299423013,1.15537044358609e-12,4.25176323239682e-10
GM21188,7.72751524000392,-5.88378443953747,1.39909833933944,-4.20541163840948,2.60607393625835e-05,0.0018522139220789
RSAD2,3058.77799575444,-5.71181506271376,0.374215306818894,-15.2634458255286,1.33982124746737e-52,5.54685996451492e-49
SPINK1,14.5032315662961,-5.38949095713331,1.01723715897104,-5.29816563384777,1.16971837420701e-07,1.86541970059012e-05
UBD,52.9493036571046,-5.33071968144089,0.676282087009618,-7.88239077130115,3.2117573927031502e-15,1.7157000781665899e-12
MMP13,11.5314681193407,-5.26517225787761,1.08167859769448,-4.8675940053727,1.1296510140881e-06,0.0001308183272258
CCN5,8.40004490750011,-5.24930970707497,1.43099710960424,-3.66828812709953,0.0002441799216154,0.0108992439405706
TROAP,5.20275060176436,-5.18484378582762,1.3996868324375,-3.70428846344035,0.0002119849211611,0.009860871613562
SLC22A12,8.62476407195713,-5.15097548326746,1.18482810711787,-4.34744538243386,1.37732353616439e-05,0.0011072076581981
ABCC12,110.588826722862,-5.06858785288486,0.513299453142383,-9.87452416295269,5.36871574044842e-23,5.55662079136411e-20
CLEC4E,19.6885429343899,-5.0535777286344,1.15599747388722,-4.37161658462882,1.23329965682315e-05,0.0010110615008411
GSTA1,501.631767695553,-4.9966879755039,0.488705412577622,-10.2243352475869,1.5428282070676e-24,1.70328234060263e-21
COL6A5,8.97222059223818,-4.81131819480502,1.37305245941293,-3.50410369379636,0.0004581469242982,0.0174813665123949
ABCC4,565.732531342504,-4.78808948166112,0.318951650373524,-15.01196020166,6.13087467393026e-51,1.69212141000475e-47
GM19514,6.59777150783267,-4.78641721475326,1.45633319856131,-3.28662233304967,0.0010139672130306,0.0304841871205738
GM44867,23.2602277796875,-4.74167356808659,0.903999699754481,-5.24521586608313,1.56099452942132e-07,2.39352494511269e-05
DNAH1,26.3032921221152,-4.70494073391801,0.736650626914462,-6.38693644180436,1.69241936749594e-10,4.83214909064357e-08
HMGB1-RS16,7.90081361904969,-4.70197604382931,1.35877064159434,-3.46046337762504,0.0005392465774774,0.019249178940236
GM34921,4.95144331460412,-4.68482231600123,1.34520596213675,-3.48260597102897,0.0004965586461623,0.0183959981665512
H2-M2,8.66702323470142,-4.65017702314893,1.30129026054937,-3.5735125084128,0.0003522244094614,0.0142264298065403
CXCL10,346.922557670304,-4.59848422670199,0.287102185865228,-16.0168903376466,9.74010058954187e-58,5.37653552542711e-54
SULT1E1,20.4002327267942,-4.59762336140328,1.02933633069004,-4.46659000010342,7.94762357894657e-06,0.0007271416931898
BCL2A1D,5.88462495393364,-4.59507402318361,1.28568093066129,-3.57403918312777,0.0003515162917894,0.0142264298065403
LY6A,1155.01860508477,-4.59424046685505,0.236885290468953,-19.3943678721461,8.61047977079738e-84,1.4258954500440498e-79
TINAG,16.0982664183861,-4.57287149295705,0.96996803942291,-4.71445584503765,2.42357550346708e-06,0.0002589316795962
GM38211,6.35846350860334,-4.55918718534696,1.28427129985012,-3.55001874283031,0.0003852037252579,0.0153320549707901
HMMR,10.0463318571074,-4.48088615497082,1.0078914088148,-4.4458025098557,8.75643642553031e-06,0.0007796053075633
6720464F23RIK,20.1585953944831,-4.4475460804121,0.988238399631517,-4.50047891487565,6.78005303253047e-06,0.0006452740127511
GM44264,11.4029111403148,-4.41544436093605,1.2192033349325,-3.62158159711768,0.0002928074191769,0.0124330534912077
GSTM3,5393.59239432909,-4.40738449261798,0.362150161757225,-12.1700470082147,4.48823959950238e-34,8.258360863084381e-31
GM3776,326.038275969204,-4.3368163720432,0.402519194015839,-10.7741852724483,4.55799377754008e-27,5.80618284277413e-24
GM35190,5.99306427702698,-4.27466921203149,1.22579616519585,-3.4872594101716,0.0004879977694918,0.0181600967703052
GM43420,10.8583680896515,-4.267442649853,1.10214327737732,-3.87194908089254,0.0001079685106829,0.0059797944378248
SERPINB1B,6.41870959651997,-4.26007068640484,1.2104626517781,-3.51937391884586,0.0004325665824353,0.0167366883297422
KNTC1,5.44067670192624,-4.2428710091172,1.30916583672811,-3.24089652363756,0.0011915442749472,0.0341975271977939
NR6A1OS,8.40785824731661,-4.16888521364264,1.1881017691743,-3.50886205357637,0.0004500282527717,0.0172112421845254
MAB21L3,5.23158388902332,-4.11495944592347,1.26805923646186,-3.24508455725226,0.0011741575257067,0.0339720271061522
IFIT1,588.348623094406,-4.08903708809917,0.421411528948049,-9.70319226506796,2.92210087116021e-22,2.6883328014674e-19
VTCN1,20.2357634923868,-4.04446127639076,0.936330490899131,-4.31948047799552,1.56396942362319e-05,0.0012274565713364
GM37694,15.6314410197782,-4.032135621029,0.913529971001388,-4.41379675437367,1.01573323609864e-05,0.0008806566696226
OASL1,1222.53770213709,-4.01726180568083,0.354489528843437,-11.3325260094074,9.055488536902869e-30,1.49958890171112e-26
GM31683,13.2819809751137,-4.00433983804751,1.10380806264675,-3.62775012572909,0.0002859017533979,0.0122024047326567
GM48884,11.0086719997002,-3.99672002683472,1.21023998375296,-3.30241942134557,0.0009585462390061,0.0292330123719005
GM43915,10.5833736726698,-3.89577956808316,1.21253956024781,-3.21290924915223,0.0013139780055081,0.0365091875355948
GM26747,13.7555524023348,-3.86669076670561,0.811416196936355,-4.76536058967639,1.88516204288201e-06,0.0002109343475008
GM44916,17.9917555384519,-3.79607177267828,1.00949350375088,-3.76037266071904,0.0001696604221858,0.0082392275407554
GM28438,813.443428108928,-3.78923468468227,0.508561573258233,-7.45088674396995,9.27149298431485e-14,3.8383980955063496e-11
GIPC2,20.4617454305624,-3.75000555678959,0.683209941260833,-5.4888041439636,4.04664013252392e-08,7.41079398936495e-06
TPX2,11.8078066367988,-3.73555019444271,0.79468644647262,-4.70065924871844,2.59322930823969e-06,0.0002752812650285
GM43549,5.13298142242959,-3.72123110800156,1.16206353634774,-3.20226131498544,0.0013635324539481,0.0374462644069352
GM47939,6.64117240343188,-3.71432469244602,1.18862957863684,-3.12487991145712,0.0017787766115618,0.0460258448241629
GGT1,7.21010639125514,-3.69869236777468,1.10604732287587,-3.34406339699604,0.000825608684146,0.0263486538161245
GM44291,17.9306413242805,-3.68914609315787,1.10703159144285,-3.332466861537,0.0008607972119551,0.0269977307385939
GM12917,5.22824042322901,-3.68819234042146,1.15840614182993,-3.18385081642887,0.0014532989081536,0.0391964656661627
SLC4A9,35.0357198028526,-3.66766463964549,0.750034668478202,-4.88999348135076,1.00839316991637e-06,0.0001192785063843
CCL2,21.4971470856523,-3.59745008361171,0.708724699428636,-5.07594851218241,3.85567699162334e-07,5.10800087850261e-05
GM37183,7.49396668208842,-3.59568919079614,1.08037558855088,-3.32818441003382,0.000874139824228,0.0273127462060684
GM13522,160.320231133727,-3.52932640490482,0.463052407209294,-7.62187249209054,2.50021949617562e-14,1.18296099590481e-11
GM10639,9.34148297361509,-3.52164309515347,0.881455058260822,-3.99526108807173,6.46229963339685e-05,0.003934400070921
C1RB,256.26567359665,-3.49456541996424,0.719946979203717,-4.85392052596615,1.21044261527122e-06,0.000138240894544
GM37666,25.5569760872089,-3.48286841241676,0.69837972492624,-4.98706976750306,6.13019329081324e-07,7.51970377006425e-05
GM25291,13.7956865902049,-3.47825003687494,0.867990655442069,-4.0072436437734,6.14314824523691e-05,0.0037959154828777
A130071D04RIK,33.0496562358939,-3.44202848432302,0.904979569992325,-3.8034322524565,0.000142705033115,0.0073619792784574
FOXM1,12.9935829923312,-3.4308155692198,0.798873427962676,-4.29456713558394,1.75034509965966e-05,0.0013460308495919
TOP2A,38.5220342813574,-3.42911105617582,0.454035792833458,-7.55251262191489,4.26940253502246e-14,1.9108461075668097e-11
RNASET2A,22.6684928165402,-3.41493617802304,0.684293921431027,-4.99045230576003,6.02380731762464e-07,7.44434695372119e-05
TFF3,160.041753670158,-3.41436656784012,0.627609308586212,-5.44027394292719,5.31987043860358e-08,9.37202707056121e-06
IGHG2C,33.3000380944283,-3.41201979587436,0.679220615364511,-5.02343379852106,5.07557252529783e-07,6.51561868363814e-05
GM4468,11.6926596293066,-3.39524438272186,0.997443660993467,-3.40394602271586,0.0006641987717171,0.0225854859540797
GM49599,15.9981405667924,-3.38402531450386,0.838918839277543,-4.033793444689,5.48835664703646e-05,0.0034689765677451
CMPK2,520.676215081813,-3.3765306468959,0.302759492634832,-11.1525178533987,6.960834675162e-29,1.04792202018803e-25
THEMIS,10.0238315839388,-3.37019813218377,0.886835787048991,-3.8002504876335,0.0001445498992487,0.007410979354672
ISG15,441.178440950647,-3.35077866067286,0.222752995954183,-15.0425750563735,3.86228964957358e-51,1.27919033193877e-47
FIGNL1,9.35422444628049,-3.3377444986182,0.916310373153474,-3.64259163315088,0.0002699068493328,0.0116468129420791
GINS2,11.0664538377377,-3.27837377581683,0.937136002061735,-3.49829028935425,0.0004682511725523,0.0176329418694562
MX1,63.7717787065461,-3.27420483152701,0.486639467622277,-6.72819417529942,1.7178158911562498e-11,5.577849246577951e-09
SLFN4,17.8122350555249,-3.27148052140959,0.664303942790213,-4.92467425026669,8.45010012462763e-07,0.0001014012014955
GLIPR1,12.4622625312312,-3.2408203090362,0.861412098099779,-3.76221824163515,0.0001684129888059,0.0082027032194884
GM15666,24.6885216436358,-3.24054051349424,1.03306901004149,-3.13680933412579,0.0017079715892501,0.044401898772343
TSPAN32,9.56805484816484,-3.23123660349879,0.863371108034449,-3.74258134587688,0.0001821395428029,0.0086349734001032
AURKB,11.5242309224966,-3.22671096465371,0.79504940213367,-4.05850373070428,4.93881446340351e-05,0.0031823644947067
FAM83A,15.062373982302,-3.21573133638275,0.80946090649394,-3.9726826960813,7.10676900892799e-05,0.0042333847045988
GM42507,43.6154646729921,-3.17056483604463,0.787612250470104,-4.02554027588094,5.68446495175962e-05,0.0035522543245713
SLAMF8,15.277518331998,-3.12453357107581,0.7908208438558,-3.95100052730217,7.78251529549648e-05,0.0045465136702773
GM36283,11.3770111679829,-3.11276675868202,0.90415100402795,-3.4427509838675,0.0005758292655328,0.020202823383949
UBE2C,16.8238617590352,-3.1081248181775,0.736127262232658,-4.22226560221479,2.41858865619422e-05,0.0017489881286714
KIFC1,15.3990979246067,-3.09760190502089,0.651044331772772,-4.75789704917056,1.95620217096375e-06,0.0002174141473232
IGHA,201.987028223539,-3.09254978832275,0.376257624426128,-8.21923487408272,2.04805590942271e-16,1.30445407154e-13
CAR13,24.0051270862935,-3.04881703143522,0.588609904022542,-5.17969033582292,2.22254536263749e-07,3.31579740588079e-05
OSBPL3,138.707219208208,-3.0058613579264,0.510732622103595,-5.88539135320144,3.97113187239429e-09,9.3945634009785e-07
GM13573,32.9526415830311,-2.99176303543253,0.938015713199743,-3.18945940172695,0.0014253915874331,0.038695876537528
PARD3BOS3,15.9855402247517,-2.9904744344948,0.63368287353113,-4.71919718743652,2.36777219170455e-06,0.0002546123863287
MKI67,49.3713532398307,-2.98459160283323,0.407323592954462,-7.32732317611394,2.34795153539311e-13,9.042343587467419e-11
SLC7A11,16.8280624388014,-2.98062100728882,0.700757288469127,-4.25342847849685,2.10522198638992e-05,0.0015774876060912
ITGAX,46.5782703717435,-2.95755408199693,0.575880396956617,-5.13570890349256,2.81082451709972e-07,3.94468254264164e-05
TREML2,7.72464091877254,-2.93330538216492,0.901402411777394,-3.25415745935381,0.0011372922324175,0.0332161540896554
SRXN1,2191.41997560966,-2.92548181377566,0.265590300909384,-11.0150175053787,3.2347372847627598e-28,4.46393745297261e-25
PHLDA2,27.5484989012819,-2.92058528969304,0.571751206055954,-5.10814014690022,3.25345308056567e-07,4.52749437093844e-05
CKAP2L,6.68169303531011,-2.91633654959258,0.910547066039437,-3.20283998308581,0.0013607956999913,0.0374331840396289
TREM2,51.8703990895915,-2.91438365335869,0.605847091458748,-4.81042773737098,1.50607646863853e-06,0.0001708262076757
NQO1,288.75737886076,-2.91337211760439,0.312327494249376,-9.32793997085069,1.0794852202948901e-20,9.408565920043859e-18
GM7511,10.7673065072983,-2.88651014147035,0.916139816671199,-3.15073102264948,0.0016286239937235,0.0427417010080211
UHRF1,19.2803888902633,-2.88602898244644,0.808380701468161,-3.57013592383503,0.0003567960408326,0.0143760156598272
CENPF,8.62352881121272,-2.87437011747093,0.847917810016636,-3.38991596062187,0.0006991405291646,0.0234134098891439
CENPE,11.1155795434203,-2.83498872763293,0.767289121970788,-3.69481157291953,0.0002200499113158,0.01009425631964
IL1RN,36.7126551215868,-2.81602918442153,0.630316672640011,-4.46764191184553,7.90865456513633e-06,0.0007271416931898
KCNN4,14.1047019862821,-2.77673935330465,0.716465464847928,-3.87560809214164,0.0001063587517586,0.0059503409767651
GM1600,16.4600764061953,-2.76358914102444,0.620399946496129,-4.45452833552378,8.40778250049732e-06,0.0007650158143309
IQGAP3,7.99288880033758,-2.75444201899986,0.813433681178533,-3.38619125656209,0.0007086997264545,0.0235817956238509
PRDM1,11.7378831081247,-2.751793763343,0.870878096354108,-3.15979213952362,0.0015788173128792,0.0419454783542982
IGHG2B,42.0437048997098,-2.73656197851267,0.727029795392775,-3.76403002442871,0.0001671967958699,0.0081932426326523
IGKC,176.051141941347,-2.73647598129538,0.423827089857282,-6.45658582658521,1.07091458390768e-10,3.16684741241272e-08
CYP2G1,16.9074780767796,-2.71282118612214,0.62950130053338,-4.30947669817926,1.63641298686836e-05,0.0012782546727613
ZBP1,248.954972168943,-2.69713259604287,0.342536017754388,-7.87401165496362,3.4344692821386904e-15,1.77733785350677e-12
LGALS3,188.998483891963,-2.68871663599883,0.42235102878359,-6.36607099961986,1.93931688807395e-10,5.42362191255068e-08
ADAM8,29.2956844124299,-2.68302216813159,0.603239467028032,-4.44769003817005,8.67986576492874e-06,0.0007769652814444
CXCL9,226.709862410257,-2.67074151704183,0.670343357653321,-3.98413960032561,6.77250533872039e-05,0.0040931638105551
C1QL3,17.6440138411516,-2.6295269121218,0.651227975918286,-4.03779783633212,5.39553194685677e-05,0.0034365388092287
PCLAF,16.1722257002457,-2.58985925826663,0.596668274735148,-4.34053454478744,1.42136520145797e-05,0.0011262108964662
CCL5,21.3023951497681,-2.57096586232903,0.702893772853211,-3.65768763591812,0.0002545009385264,0.0110908830052569
GM42659,23.7426543116442,-2.57020523582035,0.804169168565556,-3.19610019419792,0.0013929873011984,0.0378782753823424
GM13657,27.4717302997218,-2.55666815343258,0.553995136342428,-4.61496498022014,3.93161604738928e-06,0.0003969973277119
CDC20,24.7486441609109,-2.55124055444697,0.677603703945276,-3.7650923978022,0.0001664875057026,0.0081932426326523
GM47445,62.2109037662806,-2.54527859797118,0.748768579629087,-3.39928606410277,0.000675620119358,0.022740384505222
COL1A1,157.61331293839,-2.5110844091194,0.442577373968966,-5.67377493024638,1.39684631306347e-08,2.92807277776344e-06
CYP2A5,30575.078138277,-2.48046891400594,0.319969038481128,-7.75221541990614,9.03030264137141e-15,4.3982885806209e-12
OAS1G,41.4001814170642,-2.46003254451975,0.410093403413494,-5.9987127908988,1.9888777079852203e-09,4.91579326033361e-07
SMPD3,67.2848504297226,-2.45258813800492,0.364962239115825,-6.72011478213932,1.81581466457124e-11,5.7826713164037904e-09
SLFN1,14.9292041310348,-2.44632714355524,0.629619795883077,-3.88540379376752,0.0001021599439662,0.0057739545122233
EIF4E3,331.280893145621,-2.4321869921521,0.511793129757045,-4.7522853487828,2.01130247197856e-06,0.0002220477929064
CIITA,51.7331595253467,-2.41577517418276,0.606879496530208,-3.98065050474566,6.87269339962455e-05,0.0041264590624358
HPGDS,37.9696596639681,-2.39641028960869,0.414404771928926,-5.78277677270496,7.3477538107217e-09,1.64430815007502e-06
GM26736,45.7167796987386,-2.39294057476156,0.743426147061857,-3.21880066260631,0.0012872793867615,0.0361924391252471
GM43323,87.9289628582645,-2.34563111816149,0.69172383835195,-3.39099361350624,0.0006963972389079,0.0233921668890786
MTHFD1L,95.0954541696561,-2.34262265811348,0.329865250095175,-7.10175642156175,1.2318119831311199e-12,4.43452313927204e-10
DEFB1,27.0513078017195,-2.34260470840931,0.545566966050669,-4.29389030895199,1.75569241251121e-05,0.0013460308495919
TLR1,37.0431923699005,-2.33457227516911,0.5310606354597,-4.3960559666567,1.10235522500955e-05,0.0009361539757004
MARCO,384.722284024757,-2.32832906543393,0.52481844224127,-4.43644673668603,9.14559508884145e-06,0.0008098986880813
APOL9A,2568.14841991145,-2.32030281391842,0.295224369207499,-7.85945557322062,3.858066274258011e-15,1.9360478030821997e-12
GBP7,448.327773171803,-2.31906495094773,0.331494457133461,-6.99578801709516,2.6377210597989298e-12,9.100137656306301e-10
TRAF1,18.9283093930419,-2.31493288499805,0.545236818069397,-4.24573838060843,2.1787473181507e-05,0.0016245490103817
CCR2,32.1822643615503,-2.29267907134474,0.562129778068175,-4.07855829880388,4.53158395709842e-05,0.0029778980289503
SAMSN1,14.150839214168,-2.28701121039765,0.605278579343538,-3.77844399000218,0.0001578113359937,0.0078953345137652
CX3CR1,36.0688279875368,-2.28120757536302,0.556236470137741,-4.10114708012246,4.11107141149031e-05,0.0027231737029711
S100A8,18.7606387617889,-2.27256576982453,0.531417353741261,-4.27642370695143,1.89919601178125e-05,0.0014426920162888
9330102E08RIK,15.3709665302406,-2.26825669878163,0.608537715429786,-3.72738885572547,0.0001934738351381,0.0090506404234125
ADAP1,69.6296849267086,-2.25708745766288,0.398603228941666,-5.66249165531268,1.49190633766649e-08,3.08824611896963e-06
SLC1A4,168.060392599974,-2.25408662526308,0.343315149605505,-6.56564858222305,5.180686513523149e-11,1.5887438641471e-08
GM14257,12.5799328428934,-2.24826296126725,0.692343952068749,-3.24732086493911,0.0011649697300458,0.0337861623985266
CCDC34,92.3530410804738,-2.23594536394416,0.506932318927618,-4.41073745046312,1.03019167473378e-05,0.0008839364836057
OASL2,175.138955532033,-2.21892165865438,0.394058119880879,-5.63095022461445,1.7921944943007e-08,3.61935863727068e-06
ESCO2,38.7184126808971,-2.21724985623705,0.389047989051067,-5.69916801689472,1.20393526838931e-08,2.55604718519577e-06
POU2F2,213.518266789579,-2.21264235522889,0.549069991772722,-4.02980018646653,5.58242850738709e-05,0.0035150196229022
STAP1,12.8797806077862,-2.20875801544249,0.676853765589338,-3.26327210947747,0.0011013371940778,0.032337134634626
PTPRO,14.9183138009031,-2.20675862990337,0.649001432998636,-3.40023691428122,0.0006732749058112,0.022740384505222
DDX60,125.19314802087,-2.20550472306845,0.296925666395438,-7.42780086963318,1.10418016676546e-13,4.4598106247892696e-11
BATF3,27.912686987759,-2.19807198349026,0.583066909830337,-3.76984518660108,0.0001633488413136,0.0080747964541887
CLCF1,45.7687163185584,-2.19174685046119,0.554913456695547,-3.94970931776069,7.8246159180497e-05,0.0045465136702773
CAPG,93.6104970032556,-2.16886619208575,0.432936942242097,-5.00965840626491,5.4526730489436e-07,6.89284470919893e-05
IFI211,48.7821910519774,-2.16241628172259,0.425668130046076,-5.08005210887769,3.77331352730955e-07,5.03919935582631e-05
MCM5,66.1471631072888,-2.15346179216043,0.488071837512088,-4.41218203274655,1.02334017618785e-05,0.000882630901962
HSPA1A,78.4006482138338,-2.15208269307426,0.407000830396399,-5.28766167621387,1.23889846471558e-07,1.95391986435142e-05
GRAP2,14.822769427989,-2.14498447949757,0.670197152804175,-3.20052759180299,0.001371762347547,0.03760990807182
ATF3,48.9263019012959,-2.13834748564996,0.420691343290308,-5.08293674152059,3.71643501296954e-07,5.00359055404679e-05
TNFRSF25,32.6512081631835,-2.10700063335322,0.645390077531279,-3.26469325560883,0.0010958267955781,0.0322898429444368
RASSF4,202.892732843033,-2.10274042991052,0.383174411202089,-5.48768489867013,4.07235660043605e-08,7.41079398936495e-06
IFI205,20.8860644373937,-2.09799935608825,0.57103430166935,-3.67403385392961,0.0002387510788145,0.010743798546653
AHNAK2,24.9428206212128,-2.08541997176194,0.6340302555402,-3.2891489854615,0.0010049081495069,0.0303286069544591
GSTA2,1264.23581930338,-2.08382796334319,0.404681764814406,-5.14930037507094,2.61459878999103e-07,3.76502225758708e-05
CSF3R,67.6261037475772,-2.0832471926801,0.468381910431525,-4.44775331045724,8.67731013864239e-06,0.0007769652814444
AIM2,32.1716251541249,-2.07856788724012,0.41068317107472,-5.06124436947514,4.16528934772715e-07,5.43127492900485e-05
SAA3,247.429802226255,-2.0714785775681,0.449089836440353,-4.61261513729052,3.97634151153698e-06,0.0003990800935215
GM43311,18.2743344969992,-2.05143769362343,0.601912628946279,-3.4081984576644,0.0006539331603274,0.0223281095567485
IFI44,69.7156083137854,-2.04928455080264,0.38681185120039,-5.29788460318139,1.1715196187281e-07,1.86541970059012e-05
LSP1,61.0110717525509,-2.04032440690574,0.465890223602537,-4.37941022056387,1.19000934946736e-05,0.0009902791370441
GM8834,72.1282095846301,-2.03808734612685,0.53256926060303,-3.82689632484443,0.0001297691381279,0.0068438755649631
GM42047,2762.8736761932,-2.03246413548725,0.555442585796659,-3.65917952180805,0.0002530240493513,0.0110908830052569
CD300LB,30.8446586843763,-2.03236318445546,0.514495210496732,-3.9502081710212,7.80832506269893e-05,0.0045465136702773
ZWILCH,18.4529437546699,-2.02716703370835,0.571104940841352,-3.54955261063216,0.0003858863492179,0.0153320549707901
RAB7B,29.0344609496124,-2.00719688883746,0.559445775469346,-3.58783098711136,0.0003334403099279,0.0137357500806142
GM46516,53.1123172252335,-2.00108847493625,0.609671798466351,-3.28223887011019,0.0010298632306152,0.0307843593844572
PIK3R5,31.6536160782397,-1.99720410908836,0.562784440852678,-3.5487905565804,0.0003870047691902,0.0153320549707901
COMTD1,58.5553035785223,-1.98779744524994,0.481522089124794,-4.12815422208963,3.65686827023671e-05,0.0024920880063835
NLRP1B,16.037448910192,-1.98602925215096,0.602627476539589,-3.29561682709051,0.0009820586107208,0.029785513907577
PIANP,55.7391547528338,-1.97844837224829,0.60217395717183,-3.28550969148562,0.0010179804032413,0.0304841871205738
FANCA,24.084245396642,-1.97806429538973,0.499790790586567,-3.95778460236977,7.56481270520479e-05,0.0044581244981562
KNSTRN,19.9186675204131,-1.97509071443908,0.539942777522985,-3.65796302248899,0.0002542277132293,0.0110908830052569
CCDC88B,77.9624463504925,-1.97333343148163,0.355289459069463,-5.55415698695362,2.78954700843449e-08,5.43469393643237e-06
NCAPG2,28.7396705822255,-1.97229903775204,0.521949891319774,-3.77871337948743,0.0001576407407489,0.0078953345137652
THBS1,28.1180599328643,-1.9647020242499,0.554573511338002,-3.54272604818381,0.0003960138601482,0.0156515263103931
EMP3,53.5448792163332,-1.95348141420612,0.349012709496088,-5.59716411768097,2.17886429573538e-08,4.34722804064794e-06
PFKFB4,34.0708254621854,-1.92136338871486,0.576414592532276,-3.33330108849954,0.0008582201327988,0.0269679798845323
TUBA8,153.725609917289,-1.91517444448427,0.436250288951501,-4.39008177871302,1.13308040287998e-05,0.0009524777396798
CLEC7A,102.945052986088,-1.90875003644467,0.58923153332239,-3.23938881152908,0.0011978616002989,0.0343193565760376
GSTM1,39870.2078875591,-1.90000233286097,0.231416753412348,-8.21030588686666,2.20625712654585e-16,1.35317103761479e-13
OAS3,47.2976704012763,-1.88880566383159,0.438528265296282,-4.30714691231011,1.65373778927972e-05,0.0012857229009611
CCNA2,15.4396407505576,-1.88642797150044,0.545357521121075,-3.45906657273666,0.0005420509095271,0.0192625816776181
GSTP2,497.821916778158,-1.88615329819963,0.426177140783692,-4.42574957148383,9.61079693887871e-06,0.0008376568279359
CORO1A,146.65458443664,-1.87821080589106,0.326142238166069,-5.75887016797467,8.467879953823412e-09,1.84510647414889e-06
ESPN,41.0647335254004,-1.87571436799034,0.367726690269141,-5.1008382519569,3.38152460121814e-07,4.661890708495e-05
CD83,36.223749862488,-1.86776742332709,0.539599667462921,-3.46139468934243,0.0005373843223305,0.019249178940236
MYO1G,71.2932474338943,-1.86152053151543,0.430359967958113,-4.325496491571,1.52188691120342e-05,0.0012001165356918
TRPS1,25.1428656046421,-1.85754074674886,0.598285413420585,-3.10477358311097,0.0019042473130093,0.0485891147972812
CHAF1A,59.7976371264506,-1.85678797202956,0.524313879643407,-3.54136719266784,0.0003980591929123,0.0156576252604015
IL3RA,80.5558486501989,-1.85667796560095,0.40668319703971,-4.56541597763543,4.98504836363507e-06,0.0004913833387011
DDIT4L,50.2747407103594,-1.83823733295962,0.574912006371339,-3.19742380153441,0.0013866104029977,0.0377668886079644
IFI209,35.1006352793481,-1.83096418940354,0.520533797641556,-3.51747417304948,0.0004356747453215,0.0168176545047192
MYO1F,101.684877388501,-1.82786205754299,0.415241089495636,-4.40192963505408,1.07292356283785e-05,0.0009158564020925
LILR4B,130.456972180536,-1.82654577223038,0.444383308191009,-4.11029338537909,3.95156724109028e-05,0.0026280302615443
LPL,1282.18771172234,-1.82617722873861,0.261844312017999,-6.97428641723972,3.07427199593043e-12,1.0389784541348602e-09
GM37795,24.7052036027961,-1.82453473235043,0.440577843444029,-4.14123124778112,3.45446467169913e-05,0.0023835806234724
APOL9B,3475.82514699537,-1.81129316616266,0.296542204249537,-6.10804512884268,1.00858838384422e-09,2.56957286714774e-07
XAF1,105.511367901593,-1.80493999539502,0.286959977649751,-6.28986665728712,3.17738778669737e-10,8.62582651601779e-08
CD84,144.823925158851,-1.79031052773148,0.353418895925179,-5.06568988917475,4.06923907949508e-07,5.34814279019353e-05
SLFN9,63.6759570852411,-1.78856896952684,0.547739745526789,-3.2653627642206,0.0010932396662252,0.0322710318586273
OAS1C,23.5008784998126,-1.78717049206923,0.516808510457894,-3.45809029051358,0.0005440190288069,0.0192911244476302
GM45640,127.862448517994,-1.77508368573234,0.52684073452817,-3.36929847940113,0.000753597743769,0.0245268758077868
SP140,59.4200751446625,-1.77383297905936,0.343196390380693,-5.16856537183192,2.35897776375845e-07,3.45705059892388e-05
AMZ1,28.8913091712933,-1.76987189356097,0.480880086261362,-3.68048489452115,0.0002327908502096,0.0105907046139324
MANSC1,18.5600018785969,-1.76805815440067,0.539928560639923,-3.27461498296213,0.0010580607029942,0.0314568855324679
PANX1,20.747524774796,-1.75963506056238,0.517604466084073,-3.39957472522381,0.000674907352865,0.022740384505222
CYTH4,171.507744398431,-1.75796899218801,0.26944675927065,-6.5243649504138,6.82902484470567e-11,2.05615729869684e-08
SH3PXD2B,32.410284576675,-1.75402093429633,0.456014383744052,-3.84641580797332,0.000119858289899,0.0064044326500704
CD72,89.9072170214841,-1.75364650323518,0.379976378601222,-4.61514610379401,3.92818874096694e-06,0.0003969973277119
FYB,186.573499555107,-1.75331721414795,0.316327012753069,-5.5427362933327,2.97781155546641e-08,5.73401853006091e-06
OAS2,137.061379552465,-1.74953984941835,0.420823344722447,-4.15742109215033,3.21860393413846e-05,0.0022394992079551
GM19705,36.1366951137938,-1.74712950564943,0.502726187807102,-3.47531031409053,0.0005102627166249,0.0185920086415636
ARHGAP11A,46.2651285197292,-1.7461737278953,0.445517446839677,-3.91942838665907,8.87592291221353e-05,0.0050859959663064
ALDH3B1,119.4349931687,-1.74321388421179,0.336806305444275,-5.17571629756857,2.27038230691203e-07,3.35692241093422e-05
CXCL11,94.3116720559599,-1.7360572286197,0.4217443506449,-4.11637340480092,3.84880574683204e-05,0.0025909033807942
GBP8,100.97062632256,-1.73544945360079,0.519616177838985,-3.33986801723206,0.0008381821392481,0.0266416434279251
AI662270,30.1583675633475,-1.73255428099931,0.47337948439915,-3.65996909054562,0.0002522456738232,0.0110908830052569
SLFN8,40.4064312757621,-1.72471007908205,0.426779041905062,-4.04122487220381,5.31727392595544e-05,0.0034129479152644
CCND1,344.800495065177,-1.7180353977799,0.546483737185034,-3.1437996794371,0.0016676955905114,0.0434913999667235
ARHGEF16,184.747570560194,-1.70429532481541,0.224790350675593,-7.58171033451063,3.4102900752910503e-14,1.56873343463388e-11
RASA4,76.0640132554798,-1.69811828344837,0.403016805843588,-4.21351729959226,2.51424320048236e-05,0.0018024185021639
IGTP,769.474607505414,-1.69478034069258,0.49645079344523,-3.41379319575918,0.0006406518466374,0.0220565375890162
GBP3,172.986718977037,-1.69230664573958,0.44573403217501,-3.79667362952248,0.000146650658593,0.0074634690726372
CHEK1,26.0119941404122,-1.69030338837063,0.495342699907201,-3.4123918424301,0.000643954753536,0.0220784486926657
SAMD5,39.1837362745212,-1.68647769478967,0.522961725144277,-3.22485874912624,0.0012603483625643,0.0356537909187845
SECTM1A,17.864574590021,-1.68502054088438,0.512863496755196,-3.28551466724622,0.0010179624234751,0.0304841871205738
HCK,106.806008716147,-1.68421847250895,0.399513792414609,-4.2156704085978,2.490372554095e-05,0.0017930682389484
EMP2,287.168182379703,-1.66985023792663,0.279118868208697,-5.98257741815605,2.19634059249347e-09,5.27121742198433e-07
ARHGAP15,18.654428419928,-1.66933227704137,0.517098152121072,-3.22826966252727,0.0012454151118814,0.0353413275463491
PSMB9,346.23553915856,-1.66555755453551,0.392373731065212,-4.24482431587322,2.18764752001884e-05,0.0016245490103817
TMEM273,25.227465938552,-1.65550258900339,0.432829271159235,-3.82483972160547,0.0001308571901621,0.0068793494256657
ZNF41-PS,25.5845492214037,-1.65263147214965,0.451325753124555,-3.6617265039905,0.0002505212287201,0.0110908830052569
GM6665,24.9936056848799,-1.64789572404545,0.529431829583249,-3.11257395563583,0.0018546353953087,0.0476906244507957
NCF2,92.5602125991599,-1.6393853359055,0.36558369372311,-4.48429556365048,7.31552041141304e-06,0.0006844351300169
SLC11A1,253.39072335043,-1.63544290714841,0.260134804694361,-6.2869053953389,3.23856591614489e-10,8.65010509215475e-08
STK10,145.016643924584,-1.63278497665718,0.295270798501082,-5.52978819763376,3.20617659644884e-08,6.10279131461986e-06
LST1,35.1737969821554,-1.62871462029326,0.50935814316039,-3.19758237335258,0.0013858482414477,0.0377668886079644
FGD2,103.597593307332,-1.62350396041668,0.351201948253277,-4.62270772839178,3.78763206670713e-06,0.0003871801668189
GM33543,177.067693399819,-1.62169466850781,0.296924806360756,-5.46163417056334,4.71771490030821e-08,8.40057620958107e-06
GM19619,35.1528322792058,-1.60983795153943,0.469519479134887,-3.42869257417315,0.0006064960949622,0.0210999481776774
SLC16A5,118.585121568128,-1.60291679721947,0.379329641522144,-4.2256565840397,2.38245090614551e-05,0.0017380346698577
GSTM2,1113.51626646171,-1.59746616078365,0.240647674646947,-6.63819487608714,3.17547864935121e-11,9.9218729119351e-09
JCHAIN,61.9174755214733,-1.5965192141628,0.423389982128869,-3.77080063665006,0.000162724635911,0.0080680238643312
IFI213,44.4905323591544,-1.58279470505881,0.399106538865879,-3.96584508376275,7.31363548376954e-05,0.0043409965452051
S100A11,96.862254937489,-1.57804362716714,0.329592103205089,-4.78786843441209,1.68562089718013e-06,0.0001898903541313
IRF7,849.784042694876,-1.57774392970213,0.251834690019378,-6.26499839867464,3.72829239074239e-10,9.80008285566572e-08
GSTM4,1336.83585225662,-1.57608203769996,0.366918025543527,-4.29546091491488,1.74330751103331e-05,0.0013460308495919
C5AR1,29.6928412055898,-1.56978685304079,0.497106414049224,-3.15784871946019,0.0015893801449051,0.0420449444083529
LIG1,89.4690771580357,-1.56832195435527,0.41073551491014,-3.81832565586247,0.0001343604876188,0.0070411698574952
OTULINL,62.6555636398846,-1.56757338444152,0.312391500723754,-5.01797706022646,5.22184103739419e-07,6.6518221214806e-05
THEMIS2,117.337509657065,-1.5658904269252,0.410795514205045,-3.81184889507727,0.000137931191225,0.0071603151306794
MS4A6D,42.8563275775104,-1.56506007789736,0.477441215666125,-3.27801628042059,0.0010453936607231,0.0311361852906044
MLKL,110.948432915025,-1.56421692690348,0.416766772461418,-3.75321889906251,0.0001745782795813,0.0083315546531961
GSTM2-PS1,431.565357908563,-1.56187817008396,0.395579422277025,-3.94833017626022,7.86982138330736e-05,0.0045567916820828
TLR2,66.8417816038436,-1.54952578613275,0.495941138429914,-3.12441470582245,0.0017815916554649,0.0460267672613106
FERMT3,157.472610017009,-1.53605910405583,0.278381377526432,-5.51782277142438,3.43225305768699e-08,6.45887620855643e-06
IFIT3,193.288258690884,-1.53599898294908,0.262306709097799,-5.85573654685436,4.749005414084331e-09,1.10765534728502e-06
D630045J12RIK,142.723064583588,-1.53372437616324,0.298102980852113,-5.14494813765086,2.67594727186673e-07,3.79876812985301e-05
SELPLG,51.3363442977853,-1.5315204935385,0.453753722299511,-3.37522408802982,0.0007375560784146,0.0242660133467475
LAIR1,71.0598142242529,-1.53004942623841,0.380764597250054,-4.01836052324373,5.86044825644891e-05,0.0036484595160448
MCM3,100.7574889789,-1.52930165760271,0.399130661479077,-3.83158149748632,0.0001273221844152,0.0067578697881943
COL1A2,332.320017184853,-1.52494157418394,0.372775019471474,-4.09078262901314,4.29919939046185e-05,0.0028364439006393
CD22,28.46333050412,-1.51864342687833,0.45690663012489,-3.32375003283106,0.0008881576581351,0.0275428667017179
GNGT2,170.745842249792,-1.5088796753683,0.278491012215939,-5.41805519453653,6.02508178823516e-08,1.02861190116674e-05
SYK,173.688836761458,-1.50750395407887,0.279507534861472,-5.39342867742727,6.91257713293442e-08,1.14472277321394e-05
LY6E,5053.31330938063,-1.49807908041151,0.273163345298655,-5.48418778066151,4.15373376169179e-08,7.47672077104523e-06
APBB1IP,49.3412720675535,-1.49755431898718,0.36896496304838,-4.05879817588756,4.93259211146922e-05,0.0031823644947067
GPX7,31.2469769582856,-1.48532694190727,0.421070951398323,-3.52749800710471,0.0004195069192777,0.0162694018342858
LAPTM5,331.026962888085,-1.46441114296898,0.354199863056564,-4.13442040979874,3.55851546132689e-05,0.0024350833074203
BANK1,36.8344315290881,-1.4639233394819,0.385770951272745,-3.79479930941428,0.0001477629299597,0.00748304012273
TRIM5,70.8622059265429,-1.45955223119294,0.386926096001736,-3.77217315212151,0.0001618318840127,0.0080544744593643
MPEG1,1811.77511280858,-1.45807962465002,0.420013625259439,-3.47150553449159,0.0005175486631676,0.018754060967301
SYT12,59.5342583916007,-1.45249344344124,0.431109696020238,-3.36919688155901,0.0007538755909519,0.0245268758077868
GM10222,273.645270621023,-1.44309838594974,0.40661037085494,-3.54909389771707,0.000386559211586,0.0153320549707901
HK3,141.268086307509,-1.43731942492293,0.396718221554735,-3.62302346307685,0.0002911793980475,0.0123957090788361
AI413582,75.5250792159113,-1.43336289458525,0.374020791271168,-3.83230806424889,0.0001269466334454,0.0067578697881943
PIRB,112.483442071963,-1.43045416106628,0.369571768782218,-3.87057205635538,0.0001085802560653,0.005993630134809
CDT1,51.0645825252607,-1.41774381436695,0.383697079506103,-3.6949559694118,0.0002199248950531,0.01009425631964
LILRB4A,119.750174854658,-1.41329419398871,0.31883706875905,-4.43265332820117,9.30804640317753e-06,0.0008155621610403
IFI27L2B,124.085373037712,-1.4123958679385,0.376772123901731,-3.7486740083427,0.0001777719766738,0.0084594940624125
SPC24,359.918830594581,-1.40912021730739,0.249857117047134,-5.63970413955257,1.70342594685617e-08,3.48255971357262e-06
NFAM1,166.503697553052,-1.40124509822385,0.300950341206079,-4.65606748478257,3.22306326817028e-06,0.0003356850800056
SOX9,232.321051120551,-1.40076928991547,0.36857389863123,-3.80051136316894,0.0001443977959642,0.007410979354672
CRIP1,63.4320903660254,-1.40050463722494,0.350753078080446,-3.99285059703378,6.52837045178056e-05,0.0039600664718493
DOK2,78.6050896898776,-1.39758055649369,0.307608001719089,-4.54338166979795,5.53588865274781e-06,0.0005424515744941
CLEC12A,88.4161470540748,-1.39345442271017,0.424833104886793,-3.28000432800898,0.0010380549418241,0.0309733150209147
IFI203,300.909592352624,-1.39163927992748,0.337402892948981,-4.12456238227309,3.71440312094974e-05,0.0025209227738904
SIRPA,469.642298537412,-1.38949617782738,0.251912722674628,-5.51578405042314,3.47228417972823e-08,6.46078944003365e-06
CBR1,2675.8553902462,-1.3864201735999,0.263360209086624,-5.26434945661773,1.40686624755908e-07,2.19789670373381e-05
USP18,188.811951439221,-1.38518416210911,0.354998392854123,-3.90194488198237,9.54228887970328e-05,0.0054489759947547
MCM6,125.88300394642,-1.38513288098162,0.399269481513466,-3.46916793071976,0.0005220730148733,0.0188767011491311
H2-T10,99.6163725395235,-1.3787094851095,0.419188724988592,-3.28899467691318,0.0010054592522945,0.0303286069544591
ADORA1,460.831027319466,-1.3753192209816,0.300304180755019,-4.57975382668267,4.65523523759886e-06,0.0004616209313451
IFI27L2A,80.4966293496318,-1.373178648762,0.383236047012151,-3.58311453076453,0.000339521650777,0.0138869393027483
GRK3,127.01293228029,-1.3707249236509,0.380354742286317,-3.60380658174907,0.0003135904560998,0.013015182839632
BASP1,66.2052206599868,-1.36524071629395,0.400724399860234,-3.40693183836603,0.0006569753145735,0.0223858255336181
OAS1A,70.3881612791889,-1.36375057075241,0.433430825561376,-3.14640881618443,0.0016528879173668,0.0431732238353222
TIFAB,58.3632347321793,-1.362307299152,0.368133457938117,-3.70057996570637,0.000215107279278,0.0099780855597898
PLD4,167.970688689861,-1.35648019058041,0.310016479895295,-4.37550994398282,1.21148918702413e-05,0.0010031130468559
CASP12,51.5423551962813,-1.35374556968687,0.347466901269732,-3.89604179488734,9.77775231958369e-05,0.0055451910415173
LRMP,74.3509004457032,-1.35325120264346,0.299970855335165,-4.51127560753007,6.44389282219128e-06,0.0006168258100317
IL10RA,105.518904759438,-1.34988123557738,0.31593207183402,-4.27269453126799,1.9312494194712e-05,0.0014603420267782
VAV1,111.335980154194,-1.34866681248981,0.289904861517659,-4.65210140123042,3.28569429815919e-06,0.0003400693598594
SLC8A1,60.8047163096892,-1.34178988230535,0.358567807369004,-3.74208128763915,0.0001825024571277,0.0086349734001032
WDFY1,509.772758823025,-1.3413740965905,0.356423009471038,-3.76343294609744,0.0001675966801031,0.0081932426326523
CD52,84.1099309855298,-1.33855035807181,0.414661175779182,-3.22805807791523,0.0012463366719243,0.0353413275463491
FCGR1,82.8302537290263,-1.32387110321107,0.312554501502817,-4.23564881275319,2.27892716735791e-05,0.0016772903951754
TYROBP,199.692207985987,-1.32292318074774,0.327612164896114,-4.03807709999791,5.3891142086018e-05,0.0034365388092287
CMTM7,44.6727038336242,-1.31789730344961,0.406161261261674,-3.24476366691341,0.0011754813726947,0.0339720271061522
SLPI,56.3460239498135,-1.31550776636932,0.374588860269763,-3.51187102953876,0.0004449638745074,0.0170569485227863
SAMD4,113.187390730893,-1.30705705136221,0.298946608094032,-4.37220900312436,1.22995694746617e-05,0.0010110615008411
GM8995,96.2481829445242,-1.30589918469737,0.35021345010671,-3.72886645073015,0.0001923430491342,0.0090232319933819
RIPOR2,40.048210314573,-1.30117950201528,0.411598971756145,-3.16127976817731,0.0015707755015945,0.0418200037080467
IFIH1,643.535402543404,-1.30080322041525,0.32224455142545,-4.03669577859778,5.42092899860111e-05,0.0034394859853193
IRF8,232.261439815866,-1.29023627406999,0.265628287218116,-4.85729997954072,1.18997244909668e-06,0.0001368468316461
ELN,79.0060689370337,-1.28845040795448,0.406268877250767,-3.17142286820851,0.0015169414628996,0.0405928577704659
GALNT6,42.1977830983578,-1.28392188271416,0.376485327591163,-3.4102839835193,0.0006489526914762,0.0222038358901807
H2-Q4,1048.81323803022,-1.27945811869728,0.368059490017673,-3.47622640740996,0.0005085227874251,0.0185897071959406
TENT5A,484.750029707814,-1.27561732002702,0.319151757401806,-3.99689893739497,6.41776834535044e-05,0.0039238300612913
PGD,1337.86782344733,-1.27500569399879,0.200345160659552,-6.36404537949093,1.96508040309807e-10,5.42362191255068e-08
IGHM,98.602327802379,-1.27238257455928,0.399012420052117,-3.18882949656828,0.0014285010717765,0.0387168211925022
ANGPTL8,1389.31849508632,-1.27209467750024,0.267939402531665,-4.74769543217858,2.05747549142791e-06,0.0002256410207817
KLF6,272.342122439545,-1.26856411902944,0.301560831517069,-4.20666076773847,2.59171730852576e-05,0.0018499499409132
IRF1,620.542341795751,-1.2668947091767,0.319986432886348,-3.95921382587702,7.51968895853448e-05,0.0044473588983332
HCLS1,227.701781802494,-1.26548847262809,0.248387698561259,-5.09481137736774,3.49088641326377e-07,4.73844909865967e-05
ADCY7,100.671687825396,-1.2647408878744,0.370478122376974,-3.41380721690087,0.0006406188793984,0.0220565375890162
SMC2,86.3868218214656,-1.26393693594249,0.386729494416639,-3.26827137363566,0.0010820656002255,0.0321129145873397
FPR1,50.2859514834399,-1.26101928985687,0.346281421972849,-3.64160249392688,0.0002709462130665,0.0116542059438511
CENPT,56.3453970444807,-1.25966997714993,0.40520703733796,-3.1087070585581,0.0018790792672067,0.0480838897899966
H2-Q1,81.7165482652201,-1.25913670972266,0.341257954571038,-3.68969189686844,0.0002245258113286,0.0102711255127162
MCM2,104.556823061496,-1.25895487289205,0.325824978534957,-3.86389919690267,0.000111591287211,0.006119045417929
FMNL1,61.3517211803272,-1.25643278471328,0.374878158146985,-3.35157639197708,0.0008035286648288,0.0258880052326197
DMPK,914.464101833786,-1.25354000636941,0.333990902163345,-3.75321602549624,0.0001745802816823,0.0083315546531961
FSTL1,121.318064005996,-1.25276884201152,0.390922061747867,-3.20465116859922,0.0013522625895198,0.0372603468925924
CCDC122,85.7391664362093,-1.25177977124211,0.316572042819785,-3.95417030541358,7.68006926928164e-05,0.0045099981240887
PLEKHO1,137.784576493508,-1.25110757189966,0.303514560230539,-4.12206772205381,3.75486771161924e-05,0.0025379840532414
SLFN2,96.5845254917184,-1.24940209060337,0.353605379736829,-3.53332319642095,0.0004103704672841,0.015952429432454
AU020206,165.694247489986,-1.24802065072492,0.306080403508605,-4.07742748774124,4.55367245588412e-05,0.0029805856074877
SPI1,155.258529442428,-1.24755489830006,0.341022714395668,-3.65827508150263,0.0002539184357722,0.0110908830052569
PSMB8,729.313104396424,-1.24561408061865,0.249111641803382,-5.00022428338289,5.72636624592415e-07,7.12997180695518e-05
CSF1,257.388553417276,-1.23907292170011,0.278528125956551,-4.44864559887716,8.64134627033429e-06,0.0007769652814444
FCER1G,157.749879774605,-1.23767778731634,0.288484213604027,-4.29027908270633,1.78448723095364e-05,0.0013618022370779
LAMA3,193.880725868028,-1.23757449547882,0.326002749030189,-3.79620877173712,0.0001469257800531,0.0074634690726372
TCIRG1,1498.22468617081,-1.2368455493341,0.319421672010917,-3.87214036401334,0.0001078837905373,0.0059797944378248
ARHGAP9,64.8003330410382,-1.23659530572793,0.349975084488006,-3.53338097635436,0.0004102807810773,0.015952429432454
TFEC,53.6606708215223,-1.23643792810423,0.385535595408309,-3.20706555459492,0.0013409643460205,0.0370724032889809
PILRB2,36.8884501329442,-1.22824721206546,0.364766748272275,-3.36721265817972,0.0007593211015752,0.0246556028276206
RTP4,285.831850890616,-1.22817245698865,0.227625153536449,-5.39559199810484,6.82979863253444e-08,1.14243904398758e-05
IFI207,118.063071679088,-1.22655195980607,0.326349133315906,-3.75840421987199,0.0001710004724251,0.0082574177971996
CAV1,155.314512581979,-1.22631072034001,0.272808010759309,-4.49514190190678,6.95235678474786e-06,0.0006578915906024
TCF19,48.8878026470123,-1.22356778623329,0.377353608979889,-3.24249657911313,0.0011848737071993,0.0341243627673419
CLN6,72.5419204728217,-1.22211095231419,0.343816227279437,-3.55454703806322,0.000378630776675,0.0151452310670035
HERC6,191.243162033752,-1.22146143418457,0.300423987584997,-4.06579196289706,4.78696238565261e-05,0.0031087096904473
CD44,169.219776936754,-1.21817715787076,0.347909117859053,-3.50142349061479,0.0004627798265762,0.0174968811143903
GM18635,106.416657408787,-1.21474944351024,0.315579151489719,-3.84927026318409,0.0001184702375099,0.0063904466878314
SAMD9L,250.463397550893,-1.21347989926337,0.230810510634336,-5.25747244321051,1.4604877050844e-07,2.26034358842969e-05
RBP1,185.69049296106,-1.21064488215855,0.351839884487877,-3.44089722494286,0.0005797887123597,0.0202987337773308
AIF1,96.1344711556867,-1.20762468704474,0.365451268506576,-3.30447529154768,0.0009515436308879,0.0291267329528723
ABR,174.206499558028,-1.20671138789408,0.269968378799262,-4.46982492268603,7.82836506631043e-06,0.0007242331033413
BICC1,102.847795991601,-1.20153069727947,0.301855223471242,-3.98048668319282,6.87743177072633e-05,0.0041264590624358
BIN2,77.6365904405156,-1.20079664783216,0.341810348138969,-3.51304942746777,0.0004429950592245,0.0170208774495568
CSF2RB,158.098649831765,-1.19987974705746,0.28340167159781,-4.23384851716847,2.29725716872623e-05,0.001683299943102
REC8,84.044956604543,-1.19605431715951,0.350234699653672,-3.41500804558264,0.0006378012758526,0.0220500816870994
TMSB10,207.349821806497,-1.18566670047673,0.353870542174489,-3.35056626412293,0.0008064651159469,0.0259321598448189
INPP5D,98.9823547303977,-1.18165018188597,0.363520534936686,-3.25057340183484,0.0011517253319771,0.0335194578164184
SH3BGRL3,159.928345210932,-1.18106757253935,0.363304229773636,-3.25090509756862,0.0011503825092104,0.0335194578164184
9130409I23RIK,197.663454600919,-1.17704718813339,0.269994740211877,-4.35951895659043,1.3034866247639e-05,0.0010529628539556
SERPINB6B,45.4473788902641,-1.1701926413445,0.371507444199732,-3.14984977990205,0.0016335443318555,0.0428029970498862
IL10RB,112.371757877364,-1.16704870585309,0.303417071630318,-3.8463514909768,0.0001198897416377,0.0064044326500704
UBA7,267.589718131093,-1.15938796212632,0.333217679189876,-3.47937109743108,0.000502592090451,0.0184953889285982
MVP,1291.32301548571,-1.1564025818788,0.212791544620405,-5.43443859078934,5.49692234492928e-08,9.58200358231882e-06
FGR,73.4859115360332,-1.15491265986481,0.322713926159008,-3.57875060928035,0.0003452407158795,0.0140471406755896
CD300C2,71.8749408464436,-1.15036690422707,0.31266955192858,-3.67917789606147,0.000233987012722,0.0106159587141818
APOBEC3,70.3892869929658,-1.14747444334668,0.369765207219833,-3.10325152540509,0.0019140688827853,0.048701556284725
NEURL3,172.211412386971,-1.146773358323,0.252534432071998,-4.54105742695735,5.5972781482441e-06,0.0005452407419701
INCENP,60.8874477528636,-1.14452131172113,0.303428153570314,-3.77196808619774,0.0001619649755415,0.0080544744593643
PIK3CD,125.149950110762,-1.14076652818151,0.303586785481101,-3.75762906271996,0.0001715309011012,0.0082574177971996
ID1,103.136318276564,-1.13984690916359,0.253679499511296,-4.49325590502767,7.01424109560497e-06,0.0006599763212682
RAC2,121.250757735559,-1.13941163563157,0.3387437408065,-3.36363893519862,0.0007692210735772,0.024928181953892
TMEM176A,3504.19826432405,-1.13828959315097,0.317688740007801,-3.58303411421826,0.0003396262329476,0.0138869393027483
TRIM30D,106.685770896831,-1.13744780628534,0.260448808331418,-4.36726055140153,1.25814607363391e-05,0.0010213185774204
HAUS8,81.5835358480811,-1.13731188526894,0.292826630757529,-3.88390865382282,0.0001027905386648,0.0057898344227568
EVL,96.3857525071429,-1.11964126689912,0.346800132555967,-3.22849146177427,0.0012444497373914,0.0353413275463491
ANXA2,206.278234641901,-1.11785147633447,0.271910842424855,-4.11109563107401,3.93786047613386e-05,0.0026280302615443
NLRC5,428.950481203556,-1.11439598172431,0.314940536159206,-3.53843298584141,0.0004025094368499,0.0157951570479508
CD300LD,153.063832098308,-1.1140318357639,0.300275267048095,-3.71003528434282,0.0002072303633484,0.0096668586395803
CYP3A59,766.555091485425,-1.11212034992154,0.253395984743062,-4.38886334781197,1.13944635899221e-05,0.000952991500248
LCP2,82.4500074633383,-1.1117535867184,0.352776162420588,-3.15144192025351,0.0016246647055193,0.0427393633936336
H2-T22,2325.97690435732,-1.11045292453056,0.215857057839814,-5.14439016098614,2.68391226565702e-07,3.79876812985301e-05
TRPM2,216.283884636319,-1.10720849051115,0.316142505576243,-3.50224494011965,0.0004613552736954,0.0174829366874057
PTPRC,238.070238009529,-1.10411497937245,0.333113494036148,-3.31453093056819,0.000917970233424,0.0283611698983254
UNC93B1,841.103560646042,-1.10335301244936,0.275582823843433,-4.00370747734337,6.23574628090233e-05,0.00383880886289
BLVRB,2678.44816921609,-1.08697415821628,0.299495270524975,-3.62935333272864,0.0002841321111589,0.0121582112681958
AKNA,54.5805384479258,-1.08620894250258,0.32535973242956,-3.33848609473437,0.0008423624629005,0.0266721269323762
TAPBP,1609.41988117333,-1.08131607754241,0.257185082293026,-4.20442767481516,2.61743615545159e-05,0.0018523394330888
TPCN2,107.658035993576,-1.0805585277222,0.312755450961405,-3.45496305308376,0.0005503682367732,0.0194745683781301
B4GALT6,72.2307720036343,-1.08005322287436,0.348555138937389,-3.09865815252942,0.0019439918293493,0.0492993946309728
DENND1C,108.360368316733,-1.07587893171826,0.308295648318261,-3.48976360057992,0.0004834480022532,0.0180720065853586
ARHGAP30,157.239731594796,-1.07379332102938,0.292884090862178,-3.6662739784479,0.0002461102448565,0.0109558754161941
DLL1,124.872353439988,-1.07062969779723,0.296028210605024,-3.61664753372346,0.0002984432464463,0.012575623819724
MX2,144.210277046584,-1.06836847411294,0.306597891649206,-3.48459171837788,0.0004928885031033,0.0183009722228513
SLCO1A4,781.673913425505,-1.06692130324068,0.298092749971355,-3.57915884684616,0.0003447019102947,0.0140471406755896
TSKU,3922.75535796402,-1.0659012012251,0.211859671675409,-5.03116611479589,4.87505516939125e-07,6.30710262539993e-05
ABCG3,71.6584174017312,-1.06138572386399,0.298097765986239,-3.5605289437593,0.0003701085110651,0.0148762061729115
ARHGAP45,308.010317899019,-1.05166111163479,0.332028164787635,-3.16738524970443,0.0015381640080026,0.0410838644718118
BIN1,664.487841495708,-1.05013947306549,0.314551793841599,-3.33852641639779,0.0008422402162418,0.0266721269323762
PGAP2,370.100467318102,-1.03809958979414,0.239042663677597,-4.34273770975984,1.40718097489291e-05,0.0011203325453955
CD37,81.9526005894994,-1.03467724943022,0.320214231169753,-3.23120320308848,0.0012327027020104,0.0351957874918843
TRIM30A,134.413562839916,-1.03445107609108,0.272388237148351,-3.79770832588371,0.0001460400243521,0.0074634690726372
RBM43,79.7734106061502,-1.03367885147894,0.321360600820519,-3.21656994927095,0.0012973290378594,0.036330741859733
ARHGEF2,132.369842378833,-1.03061791065337,0.285931566532689,-3.60442158643419,0.0003128488821878,0.013015182839632
LY86,116.930185241155,-1.02812902202676,0.293907004723295,-3.4981439894388,0.0004685081173043,0.0176329418694562
TAP2,455.908082118617,-1.00898831990339,0.245206477693808,-4.11485181547009,3.87428227266144e-05,0.0025974945115495
HTATIP2,767.106222084038,-1.00259309599271,0.248867587576545,-4.02862062414753,5.61050717712358e-05,0.0035193181383775
PLEKHG5,194.025817145881,-0.998544904471342,0.300240363766923,-3.32581832750015,0.0008815936905661,0.0274420893153665
WIPF3,145.753149670764,-0.991629760085478,0.237875314585632,-4.16869552779301,3.06347894248153e-05,0.0021489590012397
TMEM268,161.653415509379,-0.987793851518304,0.254493831649286,-3.8814058679409,0.000103854350322,0.0058299255638436
BCO1,154.571637612192,-0.980126704700458,0.300345477643786,-3.26333098933123,0.0011011083835166,0.032337134634626
SLFN5,322.082521441568,-0.974922115216535,0.232483335125881,-4.1935139767702,2.74666145037829e-05,0.0019355197284367
ASAP3,437.585616809048,-0.972398915099372,0.263759151448352,-3.68669261240698,0.0002271875015536,0.0103642562692231
DOCK10,113.560876928234,-0.965529060349916,0.273154165363373,-3.53474038759572,0.0004081759734924,0.015941967266591
DHX58,235.14784606948,-0.964520846193327,0.247243529790739,-3.90109640891179,9.57580028820052e-05,0.0054493214011203
FTL1,44062.5289042895,-0.962294129829307,0.305678486417101,-3.14805971826309,0.0016435811200815,0.0429979515774887
LIMD2,279.834854035226,-0.954328904426446,0.243288079084487,-3.92262912353809,8.7587924872652e-05,0.0050363056801774
FTL1-PS1,1074.83503757299,-0.952193243298919,0.276524099584184,-3.44343673745165,0.0005743709536096,0.020202823383949
PARP14,664.021957906173,-0.948376789648486,0.303629258038207,-3.12346970702392,0.0017873226276082,0.0461029014224172
AIG1,253.783228291365,-0.931949937872587,0.244314807166294,-3.81454545748531,0.0001364338223931,0.0071272684505679
EXOC4,314.055714916651,-0.928269945291807,0.205086576065493,-4.52623454494345,6.00439380637128e-06,0.000581478137038
TNFAIP2,427.433838668743,-0.917543886133651,0.295678652366826,-3.10317934280668,0.0019145358177147,0.048701556284725
CRYL1,512.455280082337,-0.914674333987404,0.261977528972594,-3.49142286200848,0.0004804551788108,0.0180415822247336
SIGLECE,86.6216719734385,-0.91415568642444,0.274807718690911,-3.3265284205959,0.000879350520028,0.0274238128279929
SPP1,759.406338659344,-0.905093271135132,0.259403490339081,-3.48913297177317,0.0004845900256392,0.0180738982535734
RRAS,616.018759237788,-0.902659508048931,0.234638111570938,-3.84702852407687,0.0001195590546251,0.0064044326500704
TRAF5,105.910352159704,-0.893609762829574,0.280831665474355,-3.18201211861266,0.0014625569860972,0.039318090405472
ZEB2,261.214344805007,-0.892550374626731,0.266729992794245,-3.34626925632335,0.0008190681798867,0.0262355300946301
CCDC80,193.882183869195,-0.889296967501655,0.269169520410562,-3.3038546346006,0.000953652673833,0.029137432248477
AW112010,1056.88462349339,-0.878401261881242,0.27750060946722,-3.16540300061937,0.0015486828868455,0.0412982103158818
IKBKE,594.109483757274,-0.877589721092247,0.189713978532143,-4.62585692357697,3.73052767440287e-06,0.0003837114179385
H2-Q6,799.874663128859,-0.876549919079879,0.264612611638242,-3.3125780122613,0.0009244034117733,0.0285067420837379
PARP10,460.680026983253,-0.875396642883482,0.17772398161774,-4.92559661850441,8.41033402209577e-07,0.0001014012014955
MARCKS,392.316262757933,-0.874568631292759,0.263103084118323,-3.32405313386386,0.0008871929078572,0.0275428667017179
MOV10,457.369787915815,-0.863424427674653,0.194730680529031,-4.43394140732709,9.25257820901367e-06,0.0008150143358578
ANK3,350.237530399671,-0.859373981678959,0.235933913815433,-3.64243515390175,0.0002700710247438,0.0116468129420791
NAGK,302.327787155816,-0.857862113290376,0.203120589778064,-4.22341287127859,2.40630421132989e-05,0.0017477367429659
FDPS,311.150785248044,-0.852829934245596,0.248527653336357,-3.43152934008264,0.0006001882027215,0.020924456078038
GSR,2081.91680832752,-0.851692823587806,0.200060533561408,-4.25717560793359,2.07025737507262e-05,0.0015583391877819
SLC20A1,761.337253178014,-0.847998440745529,0.235092806687198,-3.60707948786298,0.0003096628195687,0.0129823197267285
EIF2AK2,403.37152281147,-0.841307360794395,0.236526860612029,-3.55692101361113,0.0003752269155055,0.0150454182101014
PSME1,1995.61697581741,-0.840105865736186,0.269621818617247,-3.11586751415246,0.0018340465166052,0.0472345417029283
TBCEL,2185.36722420775,-0.837564581903105,0.217138129800144,-3.85728928711878,0.0001146514413677,0.0062046662387254
GAS6,879.792066985289,-0.836755573244221,0.247121262642274,-3.38601205051094,0.0007091626944853,0.0235817956238509
C1QA,958.40000614758,-0.834270113071343,0.239875497397057,-3.47792968487484,0.0005053024578303,0.0185538995602449
ABCG5,1644.73970546558,-0.830500376535288,0.259683521876682,-3.19812505057473,0.0013832428334398,0.0377668886079644
DDIT3,236.49164841738,-0.822119998336898,0.261561153474575,-3.14312728559217,0.0016715313663893,0.0435228921814581
SLC48A1,1066.91628513575,-0.819626497455119,0.175972044265129,-4.65770856318646,3.19748425846498e-06,0.0003351287298745
UGDH,4354.95731378006,-0.816333192231151,0.244118402612781,-3.34400513641741,0.0008257820851792,0.0263486538161245
ANO6,196.211798963281,-0.814776521059423,0.232643569228131,-3.50225249622288,0.0004613421889576,0.0174829366874057
CERS6,228.540491262386,-0.804340694951234,0.236502991402128,-3.40097471995019,0.0006714603705255,0.022740384505222
CLEC4F,2282.6380888353,-0.802033193508171,0.182580738733683,-4.39275905591573,1.11921144299422e-05,0.0009456194640808
GCLC,8083.56728258815,-0.779660931424702,0.224078615895208,-3.47940801182616,0.0005025228566168,0.0184953889285982
IQGAP1,294.875606125184,-0.779392903549968,0.221729673612995,-3.51505908456038,0.000439656159644,0.0169318744272214
APRT,528.59227769659,-0.768377869297699,0.198443548645674,-3.87202241918007,0.0001079360214117,0.0059797944378248
SP100,192.256511866809,-0.765648297133904,0.221299904159193,-3.45977690339681,0.0005406231019896,0.0192531582127937
ZC3HAV1,970.55983419456,-0.763684931846066,0.206535514199843,-3.69759619697717,0.0002176507497861,0.0100596958431583
PSMB10,758.344512225449,-0.763501256541327,0.211098940290787,-3.61679341208255,0.0002982751725797,0.012575623819724
ABHD4,679.969133982305,-0.73885398104713,0.177276631946043,-4.167802450534,3.0755029184409e-05,0.0021489590012397
PLA1A,991.589068527971,-0.725977301561396,0.175374197098205,-4.13959016533583,3.47926834020964e-05,0.002390733764061
CYP1A2,13371.0933257319,-0.71151796216152,0.215155515610414,-3.30699382789647,0.0009430296980465,0.0289363335095196
TMEM43,284.887796930024,-0.709868508855339,0.220641709631145,-3.21729064754826,0.0012940743084258,0.0363218144873436
PVR,159.40193763093,-0.702425861626661,0.22598249469965,-3.10831979512504,0.0018815435135216,0.0480838897899966
DCN,1808.46805213917,-0.700872877936529,0.218698238099896,-3.20474862543879,0.0013518048396844,0.0372603468925924
PLBD1,603.058187970202,-0.680146748180535,0.215275557152589,-3.15942393635726,0.0015808135861739,0.0419454783542982
LHPP,744.801614079208,-0.67911517150512,0.198468703944265,-3.42177460732465,0.000622138643473,0.0215535898240862
DHCR7,1112.3212098624,-0.657976494950499,0.196173147792018,-3.35405993305507,0.0007963511217229,0.0257067730521082
ALPL,422.598060374468,-0.647378848145113,0.191824932990167,-3.37484203984211,0.0007385807082034,0.0242660133467475
P2RX4,1127.68710161129,-0.624910672958841,0.169027529684627,-3.69709404216465,0.0002180815705129,0.0100596958431583
PPIF,607.373349049169,-0.623500599129999,0.17603326957179,-3.54194750030318,0.0003971845164357,0.0156576252604015
ACTN1,594.953312830077,-0.621252127781742,0.182016102872075,-3.41317124132897,0.0006421158068202,0.0220610741928292
BST2,4081.41480121729,-0.608748661589092,0.169209709140936,-3.59759888885608,0.0003211684033824,0.0132963719000354
ENTPD5,5236.84220556007,-0.585678016707177,0.181873400146282,-3.22025109903984,0.0012807835868641,0.0360710479565808
GNAI2,1811.31108571798,-0.541981147939214,0.155890635542594,-3.47667546580197,0.0005076719156936,0.0185897071959406
NFE2L2,1075.25299861476,-0.523683252743595,0.162858699872591,-3.21556817752621,0.0013018656675787,0.036330741859733
