,term,variable,value,p,padj,q
0,Nucleotide interconversion,5BA_diffexpr-nonnaive-cluster1,0.5319857182456427,0.5319857182456427,0.5686743884694802,0.0
1,Inositol phosphate metabolism,5BA_diffexpr-nonnaive-cluster1,0.39985925231155245,0.39985925231155245,0.48474557403132335,0.0
2,NAD metabolism,5BA_diffexpr-nonnaive-cluster1,0.122887130366144,0.122887130366144,0.3463182764864058,0.0
3,Oxidative phosphorylation,5BA_diffexpr-nonnaive-cluster1,0.1834720023921908,0.1834720023921908,0.3686428196213463,0.0
50,Nucleotide interconversion,5BB_diffexpr-nonnaive-cluster2,0.41143873375179346,0.41143873375179346,0.48788090286414854,0.0
52,NAD metabolism,5BB_diffexpr-nonnaive-cluster2,0.2182808660029397,0.2182808660029397,0.3866987131031744,0.0
54,Steroid metabolism,5BB_diffexpr-nonnaive-cluster2,0.10364660700166342,0.10364660700166342,0.3388353596202545,0.0
55,Chondroitin synthesis,5BB_diffexpr-nonnaive-cluster2,0.3183027962844247,0.3183027962844247,0.4248573367811664,0.0
56,Glycerophospholipid metabolism,5BB_diffexpr-nonnaive-cluster2,0.20338874337384868,0.20338874337384868,0.38047721820797553,0.0
57,Pyrimidine catabolism,5BB_diffexpr-nonnaive-cluster2,0.23939118603852727,0.23939118603852727,0.39058561932601815,0.0
58,Purine catabolism,5BB_diffexpr-nonnaive-cluster2,0.2182808660029397,0.2182808660029397,0.3866987131031744,0.0
59,Propanoate metabolism,5BB_diffexpr-nonnaive-cluster2,0.25993351540051157,0.25993351540051157,0.39954964607363885,0.0
60,Glycolysis/gluconeogenesis,5BB_diffexpr-nonnaive-cluster2,0.1965869116088438,0.1965869116088438,0.3746781110058331,0.0
61,"Transport, extracellular",5BB_diffexpr-nonnaive-cluster2,0.0006271298517588111,0.0006271298517588111,0.0272174355663324,0.0
100,Nucleotide interconversion,5BC_diffexpr-nonnaive-cluster3,0.12545331808663582,0.12545331808663582,0.34901756442051246,0.0
101,Inositol phosphate metabolism,5BC_diffexpr-nonnaive-cluster3,0.34067835678519753,0.34067835678519753,0.4394920782168804,0.0
102,NAD metabolism,5BC_diffexpr-nonnaive-cluster3,0.10144600485641839,0.10144600485641839,0.3388353596202545,0.0
103,Oxidative phosphorylation,5BC_diffexpr-nonnaive-cluster3,0.025740975644349514,0.025740975644349514,0.20701134807022312,0.0
150,Nucleotide interconversion,5BD_diffexpr-nonnaive-cluster4,0.0008339718496547343,0.0008339718496547343,0.030161981895846224,0.0
151,Inositol phosphate metabolism,5BD_diffexpr-nonnaive-cluster4,0.45292825590211977,0.45292825590211977,0.5119032892227082,0.0
152,NAD metabolism,5BD_diffexpr-nonnaive-cluster4,0.48252593682797085,0.48252593682797085,0.5288289307660085,0.0
153,Oxidative phosphorylation,5BD_diffexpr-nonnaive-cluster4,0.3324908788554969,0.3324908788554969,0.4346416910339929,0.0
157,Pyrimidine catabolism,5BD_diffexpr-nonnaive-cluster4,0.5190702684063074,0.5190702684063074,0.5576150903176669,0.0
159,Propanoate metabolism,5BD_diffexpr-nonnaive-cluster4,0.5530372785973418,0.5530372785973418,0.5825683954156464,0.0
162,Folate metabolism,5BD_diffexpr-nonnaive-cluster4,0.08235334686513882,0.08235334686513882,0.3341124745991185,0.0
163,"Valine, leucine, and isoleucine metabolism",5BD_diffexpr-nonnaive-cluster4,0.8616917361101489,0.8616917361101489,0.8616917361101489,0.0
164,Cholesterol metabolism,5BD_diffexpr-nonnaive-cluster4,0.003910475599986329,0.003910475599986329,0.06801947811122779,0.0
165,Arginine and Proline Metabolism,5BD_diffexpr-nonnaive-cluster4,0.23247844136647147,0.23247844136647147,0.39058561932601815,0.0
166,"Glycine, serine, alanine and threonine metabolism",5BD_diffexpr-nonnaive-cluster4,0.003657937042546698,0.003657937042546698,0.06801947811122779,0.0
167,Pyruvate metabolism,5BD_diffexpr-nonnaive-cluster4,0.28633079639892495,0.28633079639892495,0.41169141745264193,0.0
168,Aminosugar metabolism,5BD_diffexpr-nonnaive-cluster4,0.41726709764333453,0.41726709764333453,0.4921030445032804,0.0
169,Urea cycle,5BD_diffexpr-nonnaive-cluster4,0.4432090279607178,0.4432090279607178,0.5061913635130304,0.0
170,Eicosanoid metabolism,5BD_diffexpr-nonnaive-cluster4,0.3064419607088187,0.3064419607088187,0.41908057991780256,0.0
171,Methionine and cysteine metabolism,5BD_diffexpr-nonnaive-cluster4,0.017917515280094467,0.017917515280094467,0.17673185526274995,0.0
172,Lysine metabolism,5BD_diffexpr-nonnaive-cluster4,0.02258652850679718,0.02258652850679718,0.1981796531746446,0.0
173,Pentose phosphate pathway,5BD_diffexpr-nonnaive-cluster4,0.1536269526229423,0.1536269526229423,0.359279736875168,0.0
174,beta-Alanine metabolism,5BD_diffexpr-nonnaive-cluster4,0.5530372785973418,0.5530372785973418,0.5825683954156464,0.0
175,Triacylglycerol synthesis,5BD_diffexpr-nonnaive-cluster4,0.4432090279607178,0.4432090279607178,0.5061913635130304,0.0
176,Glyoxylate and dicarboxylate metabolism,5BD_diffexpr-nonnaive-cluster4,0.04763129401907412,0.04763129401907412,0.2583997700534771,0.0
177,Histidine metabolism,5BD_diffexpr-nonnaive-cluster4,0.25376955290292397,0.25376955290292397,0.39334280699953217,0.0
178,Selenoamino acid metabolism,5BD_diffexpr-nonnaive-cluster4,0.04763129401907412,0.04763129401907412,0.2583997700534771,0.0
179,Glutathione metabolism,5BD_diffexpr-nonnaive-cluster4,0.009871693188670828,0.009871693188670828,0.11900874566342054,0.0
180,Limonene and pinene degradation,5BD_diffexpr-nonnaive-cluster4,0.48252593682797085,0.48252593682797085,0.5288289307660085,0.0
181,Pyrimidine synthesis,5BD_diffexpr-nonnaive-cluster4,0.06164430295757654,0.06164430295757654,0.2843276599485735,0.0
182,Heme synthesis,5BD_diffexpr-nonnaive-cluster4,0.06164430295757654,0.06164430295757654,0.2843276599485735,0.0
183,Purine synthesis,5BD_diffexpr-nonnaive-cluster4,0.25376955290292397,0.25376955290292397,0.39334280699953217,0.0
184,Miscellaneous,5BD_diffexpr-nonnaive-cluster4,0.3064419607088187,0.3064419607088187,0.41908057991780256,0.0
185,Nucleotide salvage pathway,5BD_diffexpr-nonnaive-cluster4,0.1361403328498884,0.1361403328498884,0.34964741635447466,0.0
186,Vitamin C metabolism,5BD_diffexpr-nonnaive-cluster4,0.3064419607088187,0.3064419607088187,0.41908057991780256,0.0
218,Aminosugar metabolism,5BE_diffexpr-nonnaive-cluster5,0.13695866539230575,0.13695866539230575,0.34964741635447466,0.0
220,Eicosanoid metabolism,5BE_diffexpr-nonnaive-cluster5,0.03612622697048227,0.03612622697048227,0.2330276534070468,0.0
230,Limonene and pinene degradation,5BE_diffexpr-nonnaive-cluster5,0.06409792204459025,0.06409792204459025,0.2843276599485735,0.0
237,Tryptophan metabolism,5BE_diffexpr-nonnaive-cluster5,0.09126882693145798,0.09126882693145798,0.33708162363443234,0.0
238,Starch and sucrose metabolism,5BE_diffexpr-nonnaive-cluster5,0.06409792204459025,0.06409792204459025,0.2843276599485735,0.0
250,Nucleotide interconversion,5BF_diffexpr-nonnaive-cluster6,0.001992221145956316,0.001992221145956316,0.053703918288384694,0.0
251,Inositol phosphate metabolism,5BF_diffexpr-nonnaive-cluster6,0.3443025497551598,0.3443025497551598,0.4394920782168804,0.0
252,NAD metabolism,5BF_diffexpr-nonnaive-cluster6,0.2725039060778735,0.2725039060778735,0.39954964607363885,0.0
253,Oxidative phosphorylation,5BF_diffexpr-nonnaive-cluster6,0.03865896554218288,0.03865896554218288,0.2330276534070468,0.0
254,Steroid metabolism,5BF_diffexpr-nonnaive-cluster6,0.1318249057052968,0.1318249057052968,0.34964741635447466,0.0
257,Pyrimidine catabolism,5BF_diffexpr-nonnaive-cluster6,0.2977842656037518,0.2977842656037518,0.4168979718452525,0.0
259,Propanoate metabolism,5BF_diffexpr-nonnaive-cluster6,0.3221886240861325,0.3221886240861325,0.4248573367811664,0.0
262,Folate metabolism,5BF_diffexpr-nonnaive-cluster6,0.21918867148244445,0.21918867148244445,0.3866987131031744,0.0
264,Cholesterol metabolism,5BF_diffexpr-nonnaive-cluster6,0.016596966227749282,0.016596966227749282,0.17150198435340927,0.0
265,Arginine and Proline Metabolism,5BF_diffexpr-nonnaive-cluster6,0.07284182160956354,0.07284182160956354,0.30993480959363306,0.0
266,"Glycine, serine, alanine and threonine metabolism",5BF_diffexpr-nonnaive-cluster6,0.004149940824652987,0.004149940824652987,0.06801947811122779,0.0
267,Pyruvate metabolism,5BF_diffexpr-nonnaive-cluster6,0.09374416178373372,0.09374416178373372,0.33708162363443234,0.0
268,Aminosugar metabolism,5BF_diffexpr-nonnaive-cluster6,0.030512800551002736,0.030512800551002736,0.21599812368397928,0.0
269,Urea cycle,5BF_diffexpr-nonnaive-cluster6,0.24631619700709925,0.24631619700709925,0.39334280699953217,0.0
270,Eicosanoid metabolism,5BF_diffexpr-nonnaive-cluster6,0.1619784713148399,0.1619784713148399,0.359279736875168,0.0
271,Methionine and cysteine metabolism,5BF_diffexpr-nonnaive-cluster6,0.09374416178373372,0.09374416178373372,0.33708162363443234,0.0
272,Lysine metabolism,5BF_diffexpr-nonnaive-cluster6,0.4320940414081483,0.4320940414081483,0.5003365995147033,0.0
273,Pentose phosphate pathway,5BF_diffexpr-nonnaive-cluster6,0.2977842656037518,0.2977842656037518,0.4168979718452525,0.0
274,beta-Alanine metabolism,5BF_diffexpr-nonnaive-cluster6,0.3221886240861325,0.3221886240861325,0.4248573367811664,0.0
276,Glyoxylate and dicarboxylate metabolism,5BF_diffexpr-nonnaive-cluster6,0.06304373864602311,0.06304373864602311,0.2843276599485735,0.0
277,Histidine metabolism,5BF_diffexpr-nonnaive-cluster6,0.1318249057052968,0.1318249057052968,0.34964741635447466,0.0
279,Glutathione metabolism,5BF_diffexpr-nonnaive-cluster6,0.022481901965673477,0.022481901965673477,0.1981796531746446,0.0
280,Limonene and pinene degradation,5BF_diffexpr-nonnaive-cluster6,0.2725039060778735,0.2725039060778735,0.39954964607363885,0.0
284,Miscellaneous,5BF_diffexpr-nonnaive-cluster6,0.1619784713148399,0.1619784713148399,0.359279736875168,0.0
285,Nucleotide salvage pathway,5BF_diffexpr-nonnaive-cluster6,0.068234034296373,0.068234034296373,0.2961357088462588,0.0
286,Vitamin C metabolism,5BF_diffexpr-nonnaive-cluster6,0.1619784713148399,0.1619784713148399,0.359279736875168,0.0
289,Fatty acid oxidation,5BF_diffexpr-nonnaive-cluster6,0.48930944488995504,0.48930944488995504,0.5335685906588957,0.0
290,Glutamate metabolism,5BF_diffexpr-nonnaive-cluster6,0.1318249057052968,0.1318249057052968,0.34964741635447466,0.0
291,Tetrahydrobiopterin metabolism,5BF_diffexpr-nonnaive-cluster6,0.1619784713148399,0.1619784713148399,0.359279736875168,0.0
300,Nucleotide interconversion,5BG_diffexpr-nonnaive-cluster8,0.0005808531023313716,0.0005808531023313716,0.0272174355663324,0.0
303,Oxidative phosphorylation,5BG_diffexpr-nonnaive-cluster8,0.45089199100298993,0.45089199100298993,0.5119032892227082,0.0
309,Propanoate metabolism,5BG_diffexpr-nonnaive-cluster8,0.2692545181052684,0.2692545181052684,0.39954964607363885,0.0
316,"Glycine, serine, alanine and threonine metabolism",5BG_diffexpr-nonnaive-cluster8,0.03050666807858238,0.03050666807858238,0.21599812368397928,0.0
317,Pyruvate metabolism,5BG_diffexpr-nonnaive-cluster8,0.3480892603433536,0.3480892603433536,0.4417273069854253,0.0
320,Eicosanoid metabolism,5BG_diffexpr-nonnaive-cluster8,0.13284903235585716,0.13284903235585716,0.34964741635447466,0.0
321,Methionine and cysteine metabolism,5BG_diffexpr-nonnaive-cluster8,0.007772241597711554,0.007772241597711554,0.10541102666896295,0.0
326,Glyoxylate and dicarboxylate metabolism,5BG_diffexpr-nonnaive-cluster8,0.2898116226820643,0.2898116226820643,0.41169141745264193,0.0
328,Selenoamino acid metabolism,5BG_diffexpr-nonnaive-cluster8,0.04312636776051193,0.04312636776051193,0.2470902617911058,0.0
332,Heme synthesis,5BG_diffexpr-nonnaive-cluster8,0.15722854412827067,0.15722854412827067,0.359279736875168,0.0
350,Nucleotide interconversion,5BH_diffexpr-nonnaive-cluster9,0.3074957784696341,0.3074957784696341,0.41908057991780256,0.0
351,Inositol phosphate metabolism,5BH_diffexpr-nonnaive-cluster9,0.7368929496566297,0.7368929496566297,0.7437477677929704,0.0
352,NAD metabolism,5BH_diffexpr-nonnaive-cluster9,0.29027090723619453,0.29027090723619453,0.41169141745264193,0.0
353,Oxidative phosphorylation,5BH_diffexpr-nonnaive-cluster9,0.6047049127715716,0.6047049127715716,0.6234322051758865,0.0
354,Steroid metabolism,5BH_diffexpr-nonnaive-cluster9,0.14131057722382998,0.14131057722382998,0.3565627355531524,0.0
357,Pyrimidine catabolism,5BH_diffexpr-nonnaive-cluster9,0.3168143268881173,0.3168143268881173,0.4248573367811664,0.0
358,Purine catabolism,5BH_diffexpr-nonnaive-cluster9,0.29027090723619453,0.29027090723619453,0.41169141745264193,0.0
359,Propanoate metabolism,5BH_diffexpr-nonnaive-cluster9,0.34236764344254655,0.34236764344254655,0.4394920782168804,0.0
365,Arginine and Proline Metabolism,5BH_diffexpr-nonnaive-cluster9,0.39064994027249694,0.39064994027249694,0.4762417811187182,0.0
367,Pyruvate metabolism,5BH_diffexpr-nonnaive-cluster9,0.10617882236948067,0.10617882236948067,0.3388353596202545,0.0
370,Eicosanoid metabolism,5BH_diffexpr-nonnaive-cluster9,0.1734086642231022,0.1734086642231022,0.365336700353526,0.0
371,Methionine and cysteine metabolism,5BH_diffexpr-nonnaive-cluster9,0.10617882236948067,0.10617882236948067,0.3388353596202545,0.0
376,Glyoxylate and dicarboxylate metabolism,5BH_diffexpr-nonnaive-cluster9,0.36696769184297306,0.36696769184297306,0.46297668098793693,0.0
389,Fatty acid oxidation,5BH_diffexpr-nonnaive-cluster9,0.5152960000329961,0.5152960000329961,0.5563145871002994,0.0
391,Tetrahydrobiopterin metabolism,5BH_diffexpr-nonnaive-cluster9,0.1734086642231022,0.1734086642231022,0.365336700353526,0.0
392,Keratan sulfate synthesis,5BH_diffexpr-nonnaive-cluster9,0.2626991302652707,0.2626991302652707,0.39954964607363885,0.0
409,Propanoate metabolism,5BI_diffexpr-nonnaive-cluster10,0.15195576199522914,0.15195576199522914,0.359279736875168,0.0
410,Glycolysis/gluconeogenesis,5BI_diffexpr-nonnaive-cluster10,0.11294867570012018,0.11294867570012018,0.34531001908705283,0.0
411,"Transport, extracellular",5BI_diffexpr-nonnaive-cluster10,0.004388353426530825,0.004388353426530825,0.06801947811122779,0.0
442,Keratan sulfate synthesis,5BI_diffexpr-nonnaive-cluster10,0.11294867570012018,0.11294867570012018,0.34531001908705283,0.0
450,Nucleotide interconversion,5BJ_diffexpr-nonnaive-cluster11,0.6104282293006598,0.6104282293006598,0.6237662595933258,0.0
451,Inositol phosphate metabolism,5BJ_diffexpr-nonnaive-cluster11,0.46951231418044204,0.46951231418044204,0.5198172049854894,0.0
452,NAD metabolism,5BJ_diffexpr-nonnaive-cluster11,0.15023881545873127,0.15023881545873127,0.359279736875168,0.0
453,Oxidative phosphorylation,5BJ_diffexpr-nonnaive-cluster11,0.2521617606651771,0.2521617606651771,0.39334280699953217,0.0
459,Propanoate metabolism,5BJ_diffexpr-nonnaive-cluster11,0.180448590773975,0.180448590773975,0.36595648783133244,0.0
467,Pyruvate metabolism,5BJ_diffexpr-nonnaive-cluster11,0.23770140069952414,0.23770140069952414,0.39058561932601815,0.0
471,Methionine and cysteine metabolism,5BJ_diffexpr-nonnaive-cluster11,0.23770140069952414,0.23770140069952414,0.39058561932601815,0.0
476,Glyoxylate and dicarboxylate metabolism,5BJ_diffexpr-nonnaive-cluster11,0.19515056284856278,0.19515056284856278,0.3746781110058331,0.0
500,Nucleotide interconversion,5BK_diffexpr-nonnaive-cluster12,0.6061944483507468,0.6061944483507468,0.6234322051758865,0.0
501,Inositol phosphate metabolism,5BK_diffexpr-nonnaive-cluster12,0.4656421719156284,0.4656421719156284,0.518176160542007,0.0
502,NAD metabolism,5BK_diffexpr-nonnaive-cluster12,0.14865113660998433,0.14865113660998433,0.359279736875168,0.0
503,Oxidative phosphorylation,5BK_diffexpr-nonnaive-cluster12,0.24807377150942359,0.24807377150942359,0.39334280699953217,0.0
509,Propanoate metabolism,5BK_diffexpr-nonnaive-cluster12,0.1785764980340554,0.1785764980340554,0.36595648783133244,0.0
517,Pyruvate metabolism,5BK_diffexpr-nonnaive-cluster12,0.23532540649936223,0.23532540649936223,0.39058561932601815,0.0
521,Methionine and cysteine metabolism,5BK_diffexpr-nonnaive-cluster12,0.23532540649936223,0.23532540649936223,0.39058561932601815,0.0
526,Glyoxylate and dicarboxylate metabolism,5BK_diffexpr-nonnaive-cluster12,0.19314460417431356,0.19314460417431356,0.3746781110058331,0.0
550,Nucleotide interconversion,5BL_diffexpr-nonnaive-cluster13,0.6828908096494443,0.6828908096494443,0.6924640452987356,0.0
551,Inositol phosphate metabolism,5BL_diffexpr-nonnaive-cluster13,0.5380766770848036,0.5380766770848036,0.5723658770951097,0.0
552,NAD metabolism,5BL_diffexpr-nonnaive-cluster13,0.1799088853877517,0.1799088853877517,0.36595648783133244,0.0
555,Chondroitin synthesis,5BL_diffexpr-nonnaive-cluster13,0.03619661826211555,0.03619661826211555,0.2330276534070468,0.0
557,Pyrimidine catabolism,5BL_diffexpr-nonnaive-cluster13,0.19779327329430635,0.19779327329430635,0.3746781110058331,0.0
558,Purine catabolism,5BL_diffexpr-nonnaive-cluster13,0.1799088853877517,0.1799088853877517,0.36595648783133244,0.0
559,Propanoate metabolism,5BL_diffexpr-nonnaive-cluster13,0.02283175727818486,0.02283175727818486,0.1981796531746446,0.0
560,Glycolysis/gluconeogenesis,5BL_diffexpr-nonnaive-cluster13,0.012133530892219403,0.012133530892219403,0.1351188305622651,0.0
561,"Transport, extracellular",5BL_diffexpr-nonnaive-cluster13,0.00033461681848432826,0.00033461681848432826,0.0272174355663324,0.0
600,Nucleotide interconversion,5BM_diffexpr-nonnaive-cluster14,0.0019553454400021418,0.0019553454400021418,0.053703918288384694,0.0
601,Inositol phosphate metabolism,5BM_diffexpr-nonnaive-cluster14,0.5950439971695701,0.5950439971695701,0.6207910932009458,0.0
602,NAD metabolism,5BM_diffexpr-nonnaive-cluster14,0.2071642172413311,0.2071642172413311,0.38111040555052417,0.0
604,Steroid metabolism,5BM_diffexpr-nonnaive-cluster14,0.09800504208005462,0.09800504208005462,0.3388353596202545,0.0
607,Pyrimidine catabolism,5BM_diffexpr-nonnaive-cluster14,0.2273628257901609,0.2273628257901609,0.39058561932601815,0.0
612,Folate metabolism,5BM_diffexpr-nonnaive-cluster14,0.16517574506598565,0.16517574506598565,0.3620518856496857,0.0
614,Cholesterol metabolism,5BM_diffexpr-nonnaive-cluster14,0.007137955124052684,0.007137955124052684,0.10326241746129548,0.0
618,Aminosugar metabolism,5BM_diffexpr-nonnaive-cluster14,0.40319082827678854,0.40319082827678854,0.4860689429781284,0.0
620,Eicosanoid metabolism,5BM_diffexpr-nonnaive-cluster14,0.12097293161763728,0.12097293161763728,0.3463182764864058,0.0
623,Pentose phosphate pathway,5BM_diffexpr-nonnaive-cluster14,0.2273628257901609,0.2273628257901609,0.39058561932601815,0.0
629,Glutathione metabolism,5BM_diffexpr-nonnaive-cluster14,0.012453348438918441,0.012453348438918441,0.1351188305622651,0.0
634,Miscellaneous,5BM_diffexpr-nonnaive-cluster14,0.12097293161763728,0.12097293161763728,0.3463182764864058,0.0
635,Nucleotide salvage pathway,5BM_diffexpr-nonnaive-cluster14,0.05026079633420304,0.05026079633420304,0.2660144586468795,0.0
659,Propanoate metabolism,5BN_diffexpr-nonnaive-cluster15,0.11457290955883781,0.11457290955883781,0.34531001908705283,0.0
664,Cholesterol metabolism,5BN_diffexpr-nonnaive-cluster15,0.16225536504039845,0.16225536504039845,0.359279736875168,0.0
668,Aminosugar metabolism,5BN_diffexpr-nonnaive-cluster15,0.19856213256069496,0.19856213256069496,0.3746781110058331,0.0
675,Triacylglycerol synthesis,5BN_diffexpr-nonnaive-cluster15,0.0846828852670577,0.0846828852670577,0.3341124745991185,0.0
680,Limonene and pinene degradation,5BN_diffexpr-nonnaive-cluster15,0.09475566378663766,0.09475566378663766,0.33708162363443234,0.0
687,Tryptophan metabolism,5BN_diffexpr-nonnaive-cluster15,0.1339602538325225,0.1339602538325225,0.34964741635447466,0.0
688,Starch and sucrose metabolism,5BN_diffexpr-nonnaive-cluster15,0.09475566378663766,0.09475566378663766,0.33708162363443234,0.0
689,Fatty acid oxidation,5BN_diffexpr-nonnaive-cluster15,0.18963430484708546,0.18963430484708546,0.3740967650165231,0.0
690,Glutamate metabolism,5BN_diffexpr-nonnaive-cluster15,0.04326926243346553,0.04326926243346553,0.2470902617911058,0.0
693,Keratan sulfate degradation,5BN_diffexpr-nonnaive-cluster15,0.11457290955883781,0.11457290955883781,0.34531001908705283,0.0
694,Sphingolipid metabolism,5BN_diffexpr-nonnaive-cluster15,0.17148200389167695,0.17148200389167695,0.365336700353526,0.0
695,Chondroitin sulfate degradation,5BN_diffexpr-nonnaive-cluster15,0.10471860970644233,0.10471860970644233,0.3388353596202545,0.0
696,Galactose metabolism,5BN_diffexpr-nonnaive-cluster15,0.0846828852670577,0.0846828852670577,0.3341124745991185,0.0
697,N-glycan degradation,5BN_diffexpr-nonnaive-cluster15,0.06420301998838757,0.06420301998838757,0.2843276599485735,0.0
698,Butanoate metabolism,5BN_diffexpr-nonnaive-cluster15,0.06420301998838757,0.06420301998838757,0.2843276599485735,0.0
701,Inositol phosphate metabolism,5BO_diffexpr-nonnaive-cluster16,0.10505672625194068,0.10505672625194068,0.3388353596202545,0.0
703,Oxidative phosphorylation,5BO_diffexpr-nonnaive-cluster16,0.2094660708110829,0.2094660708110829,0.38111040555052417,0.0
719,Urea cycle,5BO_diffexpr-nonnaive-cluster16,0.11953023067044656,0.11953023067044656,0.3463182764864058,0.0
720,Eicosanoid metabolism,5BO_diffexpr-nonnaive-cluster16,0.07646820414550957,0.07646820414550957,0.3191076980687611,0.0
750,Nucleotide interconversion,5BP_diffexpr-nonnaive-cluster17,0.7420859300489326,0.7420859300489326,0.7455215130584184,0.0
751,Inositol phosphate metabolism,5BP_diffexpr-nonnaive-cluster17,0.598000178785605,0.598000178785605,0.6208901377821832,0.0
753,Oxidative phosphorylation,5BP_diffexpr-nonnaive-cluster17,0.0024748349441651935,0.0024748349441651935,0.053703918288384694,0.0
759,Propanoate metabolism,5BP_diffexpr-nonnaive-cluster17,0.2487785088965614,0.2487785088965614,0.39334280699953217,0.0
766,"Glycine, serine, alanine and threonine metabolism",5BP_diffexpr-nonnaive-cluster17,0.025757172340534675,0.025757172340534675,0.20701134807022312,0.0
767,Pyruvate metabolism,5BP_diffexpr-nonnaive-cluster17,0.3230482053866012,0.3230482053866012,0.4248573367811664,0.0
769,Urea cycle,5BP_diffexpr-nonnaive-cluster17,0.18779913810870622,0.18779913810870622,0.3738753483448555,0.0
770,Eicosanoid metabolism,5BP_diffexpr-nonnaive-cluster17,0.12189107138243016,0.12189107138243016,0.3463182764864058,0.0
771,Methionine and cysteine metabolism,5BP_diffexpr-nonnaive-cluster17,0.055271124637475307,0.055271124637475307,0.2843276599485735,0.0
773,Pentose phosphate pathway,5BP_diffexpr-nonnaive-cluster17,0.22897643611852095,0.22897643611852095,0.39058561932601815,0.0
776,Glyoxylate and dicarboxylate metabolism,5BP_diffexpr-nonnaive-cluster17,0.2680739747775181,0.2680739747775181,0.39954964607363885,0.0
778,Selenoamino acid metabolism,5BP_diffexpr-nonnaive-cluster17,0.2680739747775181,0.2680739747775181,0.39954964607363885,0.0
789,Fatty acid oxidation,5BP_diffexpr-nonnaive-cluster17,0.3900014551880563,0.3900014551880563,0.4762417811187182,0.0
795,Chondroitin sulfate degradation,5BP_diffexpr-nonnaive-cluster17,0.22897643611852095,0.22897643611852095,0.39058561932601815,0.0
801,Inositol phosphate metabolism,5BQ_diffexpr-nonnaive-cluster18,0.03085687481199704,0.03085687481199704,0.21599812368397928,0.0
802,NAD metabolism,5BQ_diffexpr-nonnaive-cluster18,0.26973571770689575,0.26973571770689575,0.39954964607363885,0.0
803,Oxidative phosphorylation,5BQ_diffexpr-nonnaive-cluster18,0.28268487088374056,0.28268487088374056,0.41169141745264193,0.0
805,Chondroitin synthesis,5BQ_diffexpr-nonnaive-cluster18,0.38683044768614955,0.38683044768614955,0.4762417811187182,0.0
810,Glycolysis/gluconeogenesis,5BQ_diffexpr-nonnaive-cluster18,0.2437676831882952,0.2437676831882952,0.39334280699953217,0.0
820,Eicosanoid metabolism,5BQ_diffexpr-nonnaive-cluster18,0.16020881394242806,0.16020881394242806,0.359279736875168,0.0
821,Methionine and cysteine metabolism,5BQ_diffexpr-nonnaive-cluster18,0.4078987734538666,0.4078987734538666,0.48634084527191784,0.0
828,Selenoamino acid metabolism,5BQ_diffexpr-nonnaive-cluster18,0.34242529844642566,0.34242529844642566,0.4394920782168804,0.0
841,Tetrahydrobiopterin metabolism,5BQ_diffexpr-nonnaive-cluster18,0.16020881394242806,0.16020881394242806,0.359279736875168,0.0
849,"Transport, lysosomal",5BQ_diffexpr-nonnaive-cluster18,0.38683044768614955,0.38683044768614955,0.4762417811187182,0.0
850,Nucleotide interconversion,5BR_diffexpr-nonnaive-cluster20,0.0005553461019037478,0.0005553461019037478,0.0272174355663324,0.0
853,Oxidative phosphorylation,5BR_diffexpr-nonnaive-cluster20,0.4584994514753962,0.4584994514753962,0.5141892106262272,0.0
857,Pyrimidine catabolism,5BR_diffexpr-nonnaive-cluster20,0.37716497025290924,0.37716497025290924,0.47037240543035236,0.0
859,Propanoate metabolism,5BR_diffexpr-nonnaive-cluster20,0.4059834683679907,0.4059834683679907,0.48634084527191784,0.0
862,Folate metabolism,5BR_diffexpr-nonnaive-cluster20,0.038359943650300085,0.038359943650300085,0.2330276534070468,0.0
864,Cholesterol metabolism,5BR_diffexpr-nonnaive-cluster20,0.0005899049301767895,0.0005899049301767895,0.0272174355663324,0.0
865,Arginine and Proline Metabolism,5BR_diffexpr-nonnaive-cluster20,0.4596898933709128,0.4596898933709128,0.5141892106262272,0.0
866,"Glycine, serine, alanine and threonine metabolism",5BR_diffexpr-nonnaive-cluster20,0.009229810565700148,0.009229810565700148,0.11781581722099602,0.0
867,Pyruvate metabolism,5BR_diffexpr-nonnaive-cluster20,0.5085503196861816,0.5085503196861816,0.551777096859507,0.0
868,Aminosugar metabolism,5BR_diffexpr-nonnaive-cluster20,0.6122682640247852,0.6122682640247852,0.6237662595933258,0.0
870,Eicosanoid metabolism,5BR_diffexpr-nonnaive-cluster20,0.21075229800028988,0.21075229800028988,0.38111040555052417,0.0
871,Methionine and cysteine metabolism,5BR_diffexpr-nonnaive-cluster20,0.02948203703858362,0.02948203703858362,0.21599812368397928,0.0
872,Lysine metabolism,5BR_diffexpr-nonnaive-cluster20,0.16728669952332886,0.16728669952332886,0.36301213796562365,0.0
876,Glyoxylate and dicarboxylate metabolism,5BR_diffexpr-nonnaive-cluster20,0.4334713396717246,0.4334713396717246,0.5003365995147033,0.0
878,Selenoamino acid metabolism,5BR_diffexpr-nonnaive-cluster20,0.4334713396717246,0.4334713396717246,0.5003365995147033,0.0
879,Glutathione metabolism,5BR_diffexpr-nonnaive-cluster20,0.038359943650300085,0.038359943650300085,0.2330276534070468,0.0
884,Miscellaneous,5BR_diffexpr-nonnaive-cluster20,0.21075229800028988,0.21075229800028988,0.38111040555052417,0.0
885,Nucleotide salvage pathway,5BR_diffexpr-nonnaive-cluster20,0.0903134753919637,0.0903134753919637,0.33708162363443234,0.0
889,Fatty acid oxidation,5BR_diffexpr-nonnaive-cluster20,0.5934394900240634,0.5934394900240634,0.6207910932009458,0.0
895,Chondroitin sulfate degradation,5BR_diffexpr-nonnaive-cluster20,0.37716497025290924,0.37716497025290924,0.47037240543035236,0.0
900,Nucleotide interconversion,5BS_diffexpr-nonnaive-cluster21,0.422831834982588,0.422831834982588,0.49597031454714374,0.0
901,Inositol phosphate metabolism,5BS_diffexpr-nonnaive-cluster21,0.308999505930177,0.308999505930177,0.41908057991780256,0.0
903,Oxidative phosphorylation,5BS_diffexpr-nonnaive-cluster21,0.002412835165627669,0.002412835165627669,0.053703918288384694,0.0
